"","x","y","c","z"
"69x4486",68.8637444369932,4486.02889715296,"Smc","1"
"93x1063",92.8437575116581,1062.67607326571,"Smc","1"
"143x3445",142.825566881631,3444.63506344914,"Endo","1"
"88x4092",88.1890836120401,4092.44093645485,"Astro","1"
"120x4293",119.93251167876,4293.43875691614,"Astro","1"
"104x2648",103.634199009559,2647.57983991708,"Endo","1"
"105x2425",104.821285466126,2424.69357266937,"Endo","1"
"146x5387",146.023688168449,5386.52368816845,"Smc","1"
"107x3104",106.840043878238,3103.64939792077,"Endo","1"
"127x3822",127.398026781919,3821.62168768599,"Astro","1"
"259x4507",258.552993637501,4506.61101745609,"Smc","1"
"210x2935",210.464281898412,2934.86238434088,"Endo","1"
"241x3271",241.058512351074,3270.89442936658,"Endo","1"
"239x2631",239.436927480916,2631.25548664122,"Endo","1"
"281x3080",280.963537655937,3079.62782997074,"Endo","1"
"224x3566",223.83093952277,3565.5551342449,"Smc","1"
"221x4872",220.99233700858,4871.91203864104,"Astro","1"
"290x5270",289.526899300056,5269.75501966995,"Endo","1"
"276x5435",275.910986452159,5434.78376375953,"Endo","1"
"321x3949",321.197022080856,3948.96999031946,"eL6-2","1"
"339x2790",338.910579262279,2790.00499704123,"Endo","1"
"317x5119",316.602271405868,5118.79243381526,"Endo","1"
"342x5600",341.601939670541,5599.77244526849,"Endo","1"
"352x2563",352.19276586528,2563.18287488268,"Endo","1"
"372x1693",371.536190272123,1692.92166273838,"Smc","1"
"311x2357",310.576646674231,2357.13281461069,"Endo","1"
"385x5503",385.366656993616,5502.72264944864,"Endo","1"
"396x4972",395.802993056454,4972.36714538319,"Endo","1"
"388x5349",388.164809384164,5348.78123167155,"Endo","1"
"402x1331",402.026723161472,1331.13059529303,"Oligo","1"
"409x4543",408.716437301511,4542.60085651044,"Smc","1"
"413x5757",412.599559769726,5756.80895134891,"Astro","1"
"393x4808",392.634714779465,4807.59453974696,"Astro","1"
"446x5944",445.6084908076,5944.12925692631,"Endo","1"
"462x5091",461.822583274466,5091.2243112536,"Endo","1"
"482x5413",481.693546498009,5412.68312251113,"Endo","1"
"482x5581",481.603897685749,5581.31390986602,"Endo","1"
"461x3050",460.539690017431,3050.31068921656,"Astro","1"
"471x5246",470.864155693261,5245.93522463207,"Endo","1"
"526x5768",525.77695228661,5767.84245501073,"Smc","1"
"555x1786",554.661295626439,1785.50390496547,"Smc","1"
"563x5971",562.554449418084,5970.95298119964,"Smc","1"
"526x6243",526.068658431485,6243.11600114909,"Smc","1"
"548x6495",547.509135066512,6494.53695424187,"Smc","1"
"554x6386",554.321027653555,6385.70105868395,"Smc","1"
"558x5137",558.190027982702,5136.95819553973,"Endo","1"
"561x6118",561.102665556018,6117.94913577676,"Smc","1"
"581x4471",581.13331377869,4470.85766664222,"Smc","1"
"599x5622",598.785674514795,5621.5497534203,"Endo","1"
"604x5412",604.151739810744,5411.74647939796,"Smc","1"
"598x6567",598.131901840491,6567.42681858019,"Smc","1"
"578x286",578.154728630428,286.174752826332,"Smc","1"
"616x5239",616.406783532233,5239.20076514589,"Astro","1"
"652x6228",651.573225325091,6227.97244723939,"Astro","1"
"705x1715",704.524674747575,1714.56780309576,"Smc","1"
"732x5330",731.577071629213,5330.32983672753,"Endo","1"
"835x5264",835.39904224613,5264.04782209394,"Endo","1"
"871x1075",871.434476512001,1075.30252377619,"Endo","1"
"847x241",847.107990991248,240.977078997634,"Astro","1"
"887x5359",886.788261315207,5358.70815126504,"Smc","1"
"949x787",948.903661662395,786.693555474185,"Smc","1"
"906x2244",905.872844085816,2243.55975371907,"Smc","1"
"898x92",898.07242035523,91.8360938821539,"Smc","1"
"1023x284",1022.79329424395,284.164918655545,"Smc","1"
"1022x5565",1021.94330091749,5564.5290539844,"Smc","1"
"1107x4892",1106.69420901006,4891.59120704772,"Smc","1"
"1155x352",1155.34230023937,352.240966602075,"Astro","1"
"1219x6017",1218.67271561912,6017.03160677803,"Oligo","1"
"1225x5122",1225.17543671249,5122.15471076747,"Smc","1"
"1249x136",1249.43930367178,135.801368994803,"Astro","1"
"1251x4565",1250.58955418895,4564.73873277469,"eL5-3","1"
"1338x2782",1338.02744736123,2782.219886519,"Smc","1"
"1373x6021",1373.44228925853,6021.45841556245,"Astro","1"
"1382x2384",1382.16081359537,2383.97327897547,"Reln","1"
"1474x1644",1473.8243843533,1643.51015655324,"Smc","1"
"1500x293",1500.12333292043,293.383294107932,"Oligo","1"
"1580x763",1580.09589444735,763.354799633316,"Smc","1"
"1588x535",1587.52773888272,534.555163922553,"Astro","1"
"1627x5761",1626.67311444527,5760.94654511202,"Reln","1"
"1707x565",1706.77919517569,565.357068305694,"Reln","1"
"1677x5560",1676.92561021641,5559.57045797685,"Reln","1"
"1779x5697",1779.01115302608,5696.95206659013,"Reln","1"
"1773x4571",1773.0828216208,4571.10692896672,"VIP","1"
"1790x4707",1790.07076209482,4706.51793322906,"eL2/3","1"
"1830x5552",1829.94287322358,5551.96552694527,"NPY","1"
"1794x5436",1793.82491419519,5435.90728680806,"Smc","1"
"1911x4654",1911.07290871137,4654.49289751031,"eL5-2","2"
"1932x5445",1932.22844053736,5445.36804308797,"eL5-2","2"
"1978x5613",1978.48464268501,5612.59238487491,"Smc","2"
"1980x6074",1980.42078575576,6074.20483839752,"eL2/3","2"
"2003x3832",2002.94880792155,3831.90307152471,"eL2/3","2"
"2040x5814",2040.16328941716,5814.12580552771,"eL2/3","2"
"2050x4659",2049.53270425308,4659.17260106582,"Smc","2"
"2066x2105",2066.27408602478,2104.68719369273,"Oligo","2"
"2085x390",2085.45158264947,389.594982415006,"Smc","2"
"2097x4378",2097.37373582593,4377.7748237818,"Astro","2"
"2152x5956",2151.5828684542,5955.53330933957,"eL2/3","2"
"2160x4870",2160.09620709547,4870.09565907124,"Astro","2"
"2221x5691",2221.29503961419,5691.13828059643,"eL2/3","2"
"2217x6516",2217.4198541814,6515.92875020404,"eL2/3","2"
"2248x5871",2248.09608020309,5870.90839464739,"eL2/3","2"
"2239x1154",2238.74141493104,1154.09710201575,"eL5-3","2"
"2297x3080",2296.66684390093,3080.03092737826,"eL2/3","2"
"2302x3966",2301.6724802904,3966.35531166695,"eL2/3","2"
"2343x1019",2342.56462382258,1019.09443185883,"Lhx6","2"
"2374x198",2373.61301822023,198.324564298917,"L5-1","2"
"2362x3504",2362.49578786906,3504.07008183569,"VIP","2"
"2390x3361",2390.25213279545,3361.48416110046,"eL2/3","2"
"2433x2760",2433.48743088411,2760.08627372741,"L5-1","2"
"2393x1440",2392.93684924638,1439.57325310445,"Reln","2"
"2458x2908",2457.81837056723,2907.81136671926,"Smc","2"
"2438x4101",2437.82152940709,4100.83795283732,"eL2/3","2"
"2474x3930",2473.63977055449,3929.94643084767,"eL2/3","2"
"2469x1334",2469.12524290711,1334.11236883016,"Reln","2"
"2497x4564",2496.67096113545,4563.5048580682,"eL2/3","2"
"2536x3651",2535.65512698915,3651.27837496048,"L5-1","2"
"2465x4370",2465.24024991942,4369.6975429549,"eL2/3","2"
"2523x1100",2522.8480961273,1099.80054666991,"Smc","2"
"2552x6051",2551.80021170171,6051.2690894751,"eL2/3","2"
"2566x445",2565.53848876305,444.600829183204,"L5-1","2"
"2558x2591",2557.52412535235,2590.68903522278,"VIP","2"
"2607x167",2607.2682340208,166.679393902952,"Smc","2"
"2602x2274",2601.66768190921,2274.11002169559,"VIP","2"
"2625x6297",2625.01466300806,6297.04201680672,"eL2/3","2"
"2661x4921",2660.75914348234,4921.43272897781,"eL5-2","2"
"2671x2028",2671.39017654346,2027.94690790832,"eL5-2","2"
"2647x5842",2646.99569040571,5842.44493296187,"eL2/3","2"
"2698x4476",2697.64867316852,4476.18245507926,"eL2/3","2"
"2725x1229",2725.30348776679,1229.26578418978,"eL2/3","2"
"2729x2571",2728.5796644431,2571.20214271276,"eL2/3","2"
"2717x5480",2717.30381690043,5480.20577768474,"NPY","2"
"2739x2192",2738.71035867004,2192.480059342,"eL5-2","2"
"2724x5212",2723.90114138439,5212.34411818851,"Smc","2"
"2771x925",2770.90777444264,925.190935545219,"eL2/3","2"
"2779x3387",2779.22535211268,3386.50431103733,"Smc","2"
"2794x549",2793.57333909639,549.236861508734,"eL2/3","2"
"2825x158",2824.8846103868,158.425780742409,"Lhx6","2"
"2818x3935",2817.75315763515,3935.08905710548,"eL2/3","2"
"2825x353",2825.40778609212,352.50793446007,"eL2/3","2"
"2835x4736",2835.4545031778,4736.02052837877,"eL2/3","2"
"2852x5446",2852.02853283253,5445.65048927548,"NPY","2"
"2877x61",2877.43930924336,61.1670992214015,"Astro","2"
"2863x4900",2862.72694869149,4900.06315855298,"eL2/3","2"
"2862x3238",2862.47668214261,3238.04175039845,"eL2/3","2"
"2867x6410",2867.31098145084,6409.8550320764,"eL2/3","2"
"2912x2915",2911.73870984701,2914.52594500815,"eL2/3","2"
"2863x6239",2862.86380345546,6239.3231527999,"eL2/3","2"
"2882x1230",2882.19555792846,1229.65157501335,"eL2/3","2"
"2854x6016",2853.81720616989,6015.65211818379,"eL2/3","2"
"2892x3781",2892.11051671733,3781.43613981763,"eL2/3","2"
"2900x4518",2899.52271966635,4517.66910382823,"eL2/3","2"
"2944x3399",2943.6594673641,3399.49399589415,"eL5-3","2"
"2908x1593",2908.45557425699,1593.36864951056,"eL2/3","2"
"2933x2191",2932.80945738978,2191.17213652773,"L5-1","2"
"3023x6550",3023.19296088877,6549.69587488048,"eL2/3","2"
"2927x3132",2926.78870083152,3132.10945332311,"Smc","2"
"2971x1902",2970.76688009313,1902.17077997672,"VIP","2"
"2957x960",2957.15361719119,960.159098333878,"eL2/3","2"
"2975x4177",2975.06821844699,4177.26106370049,"eL2/3","2"
"2997x392",2997.39293507911,391.766980360065,"L5-1","2"
"2984x795",2983.60046136101,795.300884275279,"eL2/3","2"
"3005x607",3004.54708167607,607.349042641754,"eL2/3","2"
"3008x6107",3008.05187248015,6106.90186624548,"eL2/3","2"
"3015x2375",3014.8634604599,2374.76410544027,"eL2/3","2"
"3035x4607",3034.55854159534,4607.14836528586,"eL5-2","2"
"3010x5742",3009.83610738835,5742.34330552073,"eL2/3","2"
"3051x5364",3051.15397836717,5364.10084456957,"eL2/3","2"
"3088x4056",3088.2523012904,4055.77243495439,"eL2/3","2"
"3088x5969",3087.75403186866,5969.08314823757,"eL2/3","2"
"3098x269",3097.73110430892,268.513908977766,"eL2/3","2"
"3085x1874",3084.75629118456,1874.31816530898,"VIP","2"
"3073x2687",3073.39017409498,2687.06965773163,"eL2/3","2"
"3074x3903",3073.85514074785,3903.46890942921,"eL2/3","2"
"3112x704",3111.76548523774,704.413107808192,"eL2/3","2"
"3112x1238",3111.62658479321,1238.08802600686,"Astro","2"
"3100x1519",3100.35940141732,1518.89496025037,"Astro","2"
"3096x4775",3096.40196647137,4775.3022507106,"eL2/3","2"
"3113x5229",3112.72789055605,5228.84398352457,"eL2/3","2"
"3130x3026",3130.42787447257,3026.14075685654,"Smc","2"
"3143x1724",3143.12880095993,1723.64696069537,"L5-1","2"
"3143x4443",3143.03956536829,4443.2866486905,"eL2/3","2"
"3176x1111",3175.78078689982,1111.1887966805,"eL2/3","2"
"3167x4598",3166.67145048745,4598.07645865294,"eL2/3","2"
"3194x6122",3194.16469582562,6122.31262762977,"eL2/3","2"
"3192x1436",3192.19641153759,1435.95480354304,"eL2/3","2"
"3202x973",3202.0044095902,972.625396070976,"eL2/3","2"
"3179x2424",3178.86582317544,2424.3580928869,"eL2/3","2"
"3203x3174",3203.29623750338,3173.88621318563,"NPY","2"
"3190x4995",3189.78416247326,4995.28583481484,"eL2/3","2"
"3234x4222",3233.50444399213,4221.89105999955,"eL2/3","2"
"3259x2762",3258.52401240951,2761.60955532575,"eL2/3","2"
"3263x3474",3263.39419850284,3474.19795431079,"eL2/3","2"
"3262x3332",3262.4578726889,3331.53522945605,"Reln","2"
"3277x2545",3276.84720833928,2544.77366842782,"eL2/3","2"
"3268x5634",3267.71728860848,5634.29672489775,"eL2/3","2"
"3294x327",3294.39523934083,326.965210567617,"eL2/3","2"
"3274x5349",3274.30205979208,5349.17692258023,"eL2/3","2"
"3308x5144",3307.5229323658,5144.0033026328,"Astro","2"
"3320x3713",3320.49977463519,3712.6845174376,"eL2/3","2"
"3336x3835",3335.87089386206,3835.40498625834,"eL2/3","2"
"3341x655",3341.07056154978,654.831718979892,"eL2/3","2"
"3380x2391",3379.78602827611,2390.55759177854,"eL5-3","2"
"3362x4758",3361.70616609519,4758.34790104802,"eL2/3","2"
"3383x1553",3383.40993031359,1552.72824788452,"eL2/3","2"
"3373x6292",3372.66321301248,6291.79147170232,"eL2/3","2"
"3406x3143",3406.27724825153,3143.31141300984,"eL2/3","2"
"3396x4003",3395.98466763222,4002.80537382011,"Smc","2"
"3427x4113",3427.43003180373,4112.93014538846,"Smc","2"
"3421x873",3421.41379983409,872.604255111502,"Smc","2"
"3425x528",3424.89549240363,527.629933453313,"eL2/3","2"
"3434x376",3433.79470769789,376.453159041394,"eL5-3","2"
"3431x4466",3431.24661425808,4465.71346704871,"eL2/3","2"
"3420x5073",3420.14774739327,5072.56251229589,"Astro","2"
"3421x1822",3420.5990315309,1821.66579467342,"L5-1","2"
"3441x6025",3441.20457124331,6024.69808721024,"eL2/3","2"
"3421x6152",3421.03852621923,6151.84655761097,"Smc","2"
"3464x2983",3464.09468806036,2983.13106355232,"eL2/3","2"
"3580x1656",3580.44575447306,1656.02730375427,"Smc","2"
"3587x397",3586.51621267025,397.246688741722,"eL2/3","2"
"3628x1800",3627.86476123057,1800.23263428015,"Smc","2"
"3619x6082",3618.85110351259,6081.77629261216,"Oligo","2"
"3641x5149",3640.70288680568,5148.8366698791,"eL2/3","2"
"3645x4345",3644.68170200336,4345.2904262311,"eL5-3","2"
"3613x2488",3613.45896841175,2488.49221338635,"eL2/3","2"
"3648x3506",3648.0798399633,3505.99210009939,"eL2/3","2"
"3630x6532",3629.60577130917,6531.56387347792,"Reln","2"
"3659x4953",3659.39642015825,4952.90001409387,"eL2/3","2"
"3653x3697",3653.22225530085,3696.6835367669,"eL5-3","2"
"3686x4486",3685.98333419063,4486.15215266704,"eL2/3","2"
"3655x1397",3655.3647826526,1396.80412228,"eL2/3","2"
"3702x5848",3702.42079207921,5848.03891974563,"Smc","2"
"3655x6350",3654.69970013263,6349.9058877804,"eL2/3","2"
"3690x5449",3690.48516409005,5449.05943856794,"eL2/3","2"
"3698x105",3697.86870850289,104.522140715357,"eL2/3","2"
"3719x752",3718.9473026973,752.25974025974,"L5-1","2"
"3706x4678",3705.53929820281,4678.24778401236,"eL2/3","2"
"3787x317",3786.82738612656,316.604680980528,"eL2/3","2"
"3790x3862",3789.9993211471,3861.65555665938,"eL2/3","2"
"3759x2286",3758.86156285725,2285.65895932441,"Astro","2"
"3803x4061",3803.39712025786,4061.10149076489,"eL5-2","3"
"3792x6474",3791.90826228599,6473.62705344146,"eL2/3","2"
"3789x971",3788.80120250288,970.964728912504,"Smc","2"
"3786x2622",3786.39196847223,2621.83606132957,"NPY","2"
"3848x2821",3847.9977387442,2821.02220876237,"L5-1","3"
"3879x3094",3879.15561718907,3094.45676000802,"eL2/3","2"
"3877x6004",3876.73097380325,6003.81262116618,"eL2/3","2"
"3863x2947",3863.30319018834,2946.82137740662,"L5-1","3"
"3852x6212",3851.61392992221,6212.1098979519,"Smc","2"
"3885x44",3885.1562983927,43.5667752442997,"eL5-3","3"
"3910x4988",3909.74149951315,4987.95495618306,"eL2/3","2"
"3906x162",3906.42116023511,162.277855865065,"eL2/3","2"
"3935x1658",3934.71188550093,1657.92463891527,"Endo","3"
"3949x2550",3948.85094339623,2549.94569097399,"eL2/3","2"
"3929x866",3929.42728879463,866.04832096147,"L5-1","3"
"3942x5852",3942.25955441094,5852.08965232391,"eL2/3","2"
"3921x521",3921.18193837079,520.912819078613,"eL2/3","2"
"3946x3418",3946.48595299302,3418.44872383401,"Lhx6","3"
"4046x6156",4046.15129177363,6155.53668071878,"Smc","2"
"4010x2199",4010.47222299729,2199.39585367895,"NPY","3"
"4011x1856",4011.1906196543,1855.53095718334,"L5-1","3"
"4104x3176",4103.81188393725,3175.85776759683,"eL2/3","2"
"4110x3916",4109.71772580711,3916.30313048447,"Smc","3"
"4148x4731",4147.909746307,4731.36021194605,"Smc","3"
"4134x2938",4133.73742368742,2938.07869352869,"eL5-2","3"
"4193x1414",4192.64260324983,1413.60348256601,"L5-1","3"
"4111x1126",4111.40984095057,1125.67795284389,"eL2/3","2"
"4147x817",4146.72033559728,817.193425032818,"L5-1","3"
"4170x5234",4170.08152661788,5234.18348249504,"Smc","3"
"4193x581",4193.0663756897,581.406846193966,"eL5-2","3"
"4177x391",4177.23129484113,390.9224217873,"eL5-3","3"
"4222x6445",4221.55602495132,6444.90362718242,"eL2/3","3"
"4264x3064",4263.94795336505,3063.63109722878,"eL2/3","3"
"4317x2949",4317.1080565634,2949.07112289515,"L5-1","3"
"4251x3369",4250.82748553967,3368.60064935065,"eL2/3","3"
"4294x5323",4293.72476612506,5322.59813795264,"Smc","3"
"4331x2129",4330.52115222876,2129.33742640875,"L5-1","3"
"4290x6213",4290.4439765937,6212.67872070343,"Smc","3"
"4351x2853",4350.50988710469,2853.41858915925,"eL5-2","3"
"4363x1752",4362.76050776424,1752.45643063059,"L5-1","3"
"4320x4331",4319.55161264247,4330.74662517177,"eL5-3","3"
"4342x5127",4342.22689638773,5126.90985537949,"Endo","3"
"4354x4957",4354.30217520399,4956.6119383289,"L5-1","3"
"4404x1201",4404.13822415887,1201.45443722171,"eL5-2","3"
"4412x5841",4411.84329856198,5840.7626443779,"eL5-2","3"
"4427x102",4427.29143053409,102.200526647204,"L5-1","3"
"4417x4209",4416.97120477226,4209.31172994369,"eL5-2","3"
"4406x4605",4405.63388567758,4604.50286448298,"eL5-2","3"
"4418x6558",4418.32877563704,6558.3663322383,"Astro","3"
"4453x768",4453.1148331699,768.060159542045,"L5-1","3"
"4444x6068",4444.4036774556,6068.48213128214,"Smc","3"
"4490x995",4490.10491577583,994.617063492063,"L5-1","3"
"4509x4475",4509.08131826203,4475.15858253446,"eL5-2","3"
"4501x6314",4500.99170124481,6313.98168093935,"L5-1","3"
"4509x477",4508.59277803813,477.067385245295,"eL5-3","3"
"4515x1507",4515.03461614367,1507.28545490428,"Astro","3"
"4525x2809",4525.21623581122,2808.9813308562,"L5-1","3"
"4522x3291",4521.70012198428,3291.04479533749,"eL5-3","3"
"4520x6201",4520.28650264429,6201.08630336476,"Smc","3"
"4561x6531",4561.04233476021,6531.25099760575,"eL5-3","3"
"4538x5661",4537.53430659728,5660.97709704577,"eL5-2","3"
"4578x4102",4578.39607148607,4102.19723071969,"Lhx6","3"
"4646x3158",4645.76631375458,3158.00429338908,"eL5-2","3"
"4593x5086",4592.62544246047,5085.68160544325,"L5-1","3"
"4577x2257",4576.85445478982,2256.97913826016,"eL5-3","3"
"4609x2041",4608.67541219744,2041.15417856316,"L5-1","3"
"4615x6185",4615.36407337128,6185.39380139152,"Endo","3"
"4656x617",4655.72019601542,616.960877249357,"L5-1","3"
"4675x2612",4674.93660366871,2611.71870483602,"VIP","3"
"4677x2451",4676.92749215071,2451.42243916797,"L5-1","3"
"4711x829",4711.05768544749,829.466205015214,"Smc","3"
"4702x1078",4701.952151258,1077.96126246836,"Astro","3"
"4730x6199",4729.58677269982,6198.60700624119,"L5-1","3"
"4722x5834",4722.25124921166,5833.65635763838,"eL5-2","3"
"4737x1470",4737.23480251066,1470.26504143982,"Astro","3"
"4728x4505",4728.4238277572,4504.67315297219,"Astro","3"
"4755x6309",4755.39771033331,6308.84300280246,"eL5-2","3"
"4780x4823",4779.69657754011,4823.18534759358,"L5-1","3"
"4769x5498",4769.34203007167,5497.93863881212,"Astro","3"
"4759x6556",4758.58330728353,6555.70553297906,"Oligo","3"
"4799x391",4798.69689248828,391.359024523409,"eL5-3","3"
"4796x2187",4796.49612892598,2186.71966285965,"eL2/3","3"
"4821x6409",4820.94302825553,6408.66886773137,"Smc","3"
"4821x2058",4820.71026665579,2057.59072005219,"Smc","3"
"4868x1712",4867.89208329425,1711.68914735953,"eL5-3","3"
"4886x6558",4886.0421699292,6558.12369845898,"eL5-2","3"
"4888x1406",4888.12167952014,1406.21808054841,"eL5-2","3"
"4914x2319",4913.91595976733,2318.64042050412,"L5-1","3"
"4880x3244",4879.78068454808,3244.32766182531,"eL2/3","3"
"4898x5182",4898.07791190174,5182.37471410419,"Lhx6","3"
"4913x4474",4913.1783567672,4473.85325211978,"eL5-3","3"
"4898x2888",4897.52946593002,2887.59446676712,"L5-1","3"
"4936x829",4936.02304752806,829.453287954781,"L5-1","3"
"4913x2596",4912.54367666232,2595.62135775143,"L5-1","3"
"5000x1627",5000.41629692833,1626.97512798635,"Smc","3"
"4983x4954",4982.74667880866,4953.70103921149,"eL5-2","3"
"4963x2490",4963.46117900791,2489.51698418404,"L5-1","3"
"5002x1786",5001.51605850422,1785.76002714113,"eL5-3","3"
"4980x96",4980.05460679447,95.7800298140544,"eL5-3","3"
"5041x4133",5040.84040907303,4132.95620820768,"eL5-3","3"
"5045x3740",5045.37070424833,3739.89649405478,"L5-1","3"
"5051x2803",5050.52976295884,2803.04503023097,"eL5-3","3"
"5055x3181",5054.5203373855,3181.09732460062,"eL5-3","3"
"5096x2148",5096.2481959578,2147.76270016962,"L5-1","3"
"5094x4775",5093.58960776635,4774.86011088897,"eL5-2","3"
"5113x619",5112.99525910318,618.911174030421,"eL5-3","3"
"5094x394",5093.74063434505,393.859544609009,"eL5-3","3"
"5124x1121",5124.31194707689,1120.5250570971,"eL5-3","3"
"5139x50",5138.59818276899,50.080990979213,"L5-1","3"
"5153x2303",5153.21375620447,2302.77625217559,"L5-1","3"
"5154x1409",5154.45310331152,1408.65591468923,"eL5-3","3"
"5145x1696",5144.51487625573,1695.60463415573,"eL5-3","3"
"5178x1998",5178.1606199366,1998.06407998483,"eL5-3","3"
"5186x5580",5185.63949202903,5580.35269413176,"Smc","3"
"5189x4385",5188.55146901595,4384.90078261985,"eL5-3","3"
"5201x3099",5201.37359541569,3098.77984441528,"eL5-3","3"
"5186x4112",5186.39471891654,4111.77950074128,"L5-1","3"
"5243x5879",5243.22032512013,5879.41503936203,"L5-1","3"
"5231x737",5230.54926809819,736.534088967363,"eL5-3","3"
"5243x1017",5243.16632164192,1016.60868279411,"Smc","3"
"5273x4597",5273.44394271707,4597.41401109534,"NPY","3"
"5279x5177",5279.05955350269,5176.64043110085,"eL5-3","3"
"5291x2416",5291.09216709057,2416.48838211838,"eL5-3","3"
"5314x87",5314.33366533865,87.0657370517928,"eL5-3","3"
"5319x2241",5319.48570315796,2240.69952289767,"L5-1","3"
"5330x1293",5330.23120307915,1292.99618916962,"eL5-3","3"
"5355x3077",5355.13053221289,3076.59509803922,"Astro","3"
"5360x4876",5360.23310975468,4875.80233016919,"eL5-3","3"
"5403x417",5403.21511933025,417.324828189429,"eL5-3","3"
"5371x2120",5370.62314184933,2119.54358780549,"L5-1","3"
"5376x5991",5375.78170539006,5990.77240007023,"eL5-2","3"
"5428x942",5427.74726742347,941.788704178821,"Endo","3"
"5428x1497",5428.25781880726,1497.08476956018,"Astro","3"
"5418x2692",5417.87644876658,2691.91341982269,"eL5-3","3"
"5431x4016",5430.55340366463,4015.6296946141,"eL5-3","3"
"5448x5679",5447.99532755768,5679.32580550959,"Astro","3"
"5438x6275",5437.68954625219,6275.01288543495,"eL5-2","3"
"5448x4742",5448.41170392399,4742.18248947806,"L5-1","3"
"5450x2532",5449.83092116465,2532.34925364663,"L5-1","3"
"5482x6537",5481.83655280294,6536.79184401033,"eL5-3","3"
"5510x588",5510.17272989334,587.730296915538,"VIP","3"
"5466x5485",5466.36901434693,5485.32965343768,"Astro","3"
"5493x2206",5493.19947643979,2205.69146596859,"L5-1","3"
"5461x4504",5461.33084461036,4504.2996349263,"eL5-3","3"
"5482x87",5482.27921198013,87.4692331746638,"eL5-3","3"
"5491x3281",5490.58583215207,3280.62126994512,"eL5-3","3"
"5555x6436",5554.77825606422,6436.29070443837,"eL5-3","3"
"5559x1562",5558.66408625933,1561.56873790434,"eL5-3","3"
"5583x2411",5583.24351332398,2410.92510518934,"eL5-2","3"
"5593x3498",5593.1382337269,3498.19118265698,"eL5-3","3"
"5632x5770",5632.34091774562,5770.42850342727,"eL5-2","3"
"5619x5657",5618.53261770939,5657.20496636875,"L5-1","3"
"5599x3954",5599.01078167116,3954.07386030704,"eL5-3","3"
"5612x292",5612.12954377109,292.085100545938,"eL5-3","3"
"5631x3737",5630.51319381256,3737.35798093961,"Smc","3"
"5681x6145",5680.88056002144,6145.0000223294,"L5-1","3"
"5662x6307",5661.85957103693,6306.66347363329,"L5-1","3"
"5668x3633",5667.86641003278,3632.61020721181,"eL5-3","3"
"5711x1512",5711.20906915229,1511.75183272452,"eL5-3","3"
"5702x1014",5701.74554065836,1014.4761657909,"eL5-3","3"
"5658x1919",5657.97922985509,1919.05572997038,"eL5-3","3"
"5701x4417",5701.20070136509,4416.53955580211,"Endo","3"
"5781x5642",5781.19323629642,5642.05091549703,"L5-1","3"
"5764x5362",5763.51172880359,5361.64762114861,"eL6-2","3"
"5731x5479",5730.58807350421,5478.85538326623,"L5-1","3"
"5779x3451",5778.53294959157,3451.19033309349,"Smc","3"
"5776x6525",5775.66784884948,6525.20992189149,"eL5-2","3"
"5821x1752",5820.78179076399,1752.04629947594,"Endo","3"
"5811x4163",5810.91736256089,4163.4881263048,"Smc","3"
"5848x2581",5847.57299945563,2581.43655027607,"eL5-3","3"
"5909x305",5908.79683315869,305.320962859471,"eL5-2","3"
"5889x622",5888.61343582184,622.075876592608,"eL5-3","3"
"5922x4711",5921.59825014614,4711.14428751909,"eL5-3","3"
"5894x2305",5893.77115004188,2305.27985599971,"Endo","3"
"5905x6243",5905.48960784314,6242.81892156863,"L5-1","3"
"5939x80",5939.13333502615,80.0333147123051,"eL5-3","3"
"5888x2786",5888.13186638999,2786.17133552366,"eL5-3","3"
"5948x1002",5948.37852566463,1001.97194196922,"Astro","3"
"5939x3880",5938.81216790648,3880.45231137088,"Smc","3"
"5953x6564",5952.97759067357,6564.45725388601,"SST","3"
"5955x5965",5955.11472148541,5964.79501482291,"Astro","3"
"5994x5408",5993.68352735975,5407.87255100799,"eL5-3","3"
"6021x3016",6021.36939600555,3016.04483195559,"Smc","3"
"6005x3517",6005.09911213179,3517.20270881178,"eL5-3","3"
"6030x4939",6029.95669471075,4939.10858931716,"L5-1","3"
"6074x781",6073.88952759821,781.425320735952,"eL5-3","3"
"6105x6383",6105.22624101894,6382.99559111692,"Smc","3"
"6094x5061",6094.31118121276,5061.02537679635,"Smc","3"
"6115x992",6114.58431329044,991.549339915687,"Lhx6","3"
"6079x3758",6079.14491779779,3758.30726156879,"eL5-3","3"
"6094x4647",6093.68817354305,4646.82952603495,"eL5-3","3"
"6143x486",6142.65403227787,486.372964209389,"eL5-3","3"
"6143x3946",6143.05138166895,3946.16766073871,"L5-1","3"
"6137x4270",6136.99364146041,4269.70424244496,"eL5-3","3"
"6166x182",6165.69541618963,182.250053004283,"Astro","3"
"6167x2093",6167.37390163934,2093.30069508197,"eL6-1","3"
"6187x3159",6187.02545377573,3158.76207863682,"L5-1","3"
"6134x4528",6134.22541382668,4527.57789678676,"eL5-3","3"
"6202x6460",6202.40586696047,6459.53732268283,"Smc","3"
"6199x3407",6198.85257565047,3406.67986226712,"eL5-3","3"
"6205x5339",6205.39279391857,5338.66635426429,"eL6-1","3"
"6225x2330",6225.49195152152,2330.42125999024,"L5-1","3"
"6220x4754",6219.61048536495,4754.23056687662,"L5-1","3"
"6236x3042",6235.51138735563,3042.19578830187,"eL5-3","3"
"6222x1421",6222.04077070225,1420.84680448962,"L5-1","3"
"6247x2900",6246.54829387279,2899.9232706737,"eL5-3","3"
"6264x3661",6264.0827995206,3661.29972723891,"eL5-3","3"
"6246x59",6246.49793538985,58.8213909804874,"eL5-3","3"
"6247x1655",6246.65913367228,1655.49361463629,"eL5-3","3"
"6250x2593",6249.74051564322,2592.87051583434,"eL5-3","3"
"6328x6531",6327.94696393243,6531.4176685436,"Smc","3"
"6290x906",6289.84542243955,906.315433608017,"eL5-3","3"
"6309x1956",6309.22044819377,1956.27072766794,"L5-1","3"
"6332x241",6331.55798550362,241.192501874531,"eL5-3","3"
"6334x594",6333.7838009352,593.816766867067,"eL5-3","3"
"6360x5715",6360.35945759596,5715.38490768406,"eL2/3","3"
"6372x759",6371.9194348307,758.553252221073,"Oligo","3"
"6410x4263",6409.6093024667,4263.25534755302,"L5-1","3"
"6387x3978",6387.33163994285,3978.47464676933,"L5-1","3"
"6393x1039",6392.97963622726,1039.47110444403,"eL5-2","3"
"6430x1387",6429.71791521487,1386.65882694541,"L5-1","3"
"6424x5478",6424.19312714777,5477.91384677582,"VIP","3"
"6427x1767",6426.76881738048,1767.35573614707,"SST","3"
"6462x4800",6461.73687155149,4799.9533510823,"eL5-3","3"
"6468x547",6467.63561221631,547.289903801252,"eL5-3","3"
"6510x5425",6510.30773272616,5424.93243716613,"VIP","3"
"6475x2334",6474.93754343556,2333.66931560659,"L5-1","3"
"6503x2894",6502.75518642618,2893.83218079418,"eL5-2","3"
"6536x5114",6536.14312116106,5114.28600677647,"eL5-3","3"
"6523x5293",6522.52971019529,5292.92795422429,"Smc","3"
"6504x3342",6503.53948514852,3341.76213861386,"eL5-3","3"
"6511x3125",6511.20514335045,3125.32082329956,"L5-1","3"
"6560x4077",6559.58271536663,4077.34471229984,"Lhx6","3"
"6545x1902",6545.25840743274,1901.98572161423,"eL5-3","3"
"6594x4311",6593.95557352084,4311.36558310929,"eL6-2","3"
"6577x643",6577.32810861816,642.894212623191,"NPY","3"
"6624x816",6624.0643116274,816.286892154348,"Astro","3"
"6621x1033",6620.8550410509,1032.780591133,"Smc","3"
"6644x536",6644.02340802341,536.444636944637,"eL5-3","3"
"6625x1557",6625.2525077945,1557.16564999322,"eL5-3","3"
"6620x2556",6620.33621947901,2556.42695989907,"Lhx6","3"
"6670x3524",6670.39541444806,3523.94993244854,"Astro","3"
"6720x6350",6719.82549103103,6349.93884068771,"eL5-3","3"
"6687x5928",6687.48812139321,5927.5491695228,"L5-1","3"
"6666x5782",6665.71246997598,5781.96196957566,"eL5-3","3"
"6732x307",6732.05614076617,307.132836233085,"Astro","3"
"6706x1938",6706.41200406918,1938.33168628591,"Lhx6","3"
"6768x64",6767.62089152797,63.5284352262273,"SST","3"
"6740x2320",6739.72983040449,2319.93939261142,"Endo","3"
"6777x1731",6776.63434684091,1731.34425883965,"eL6-1","3"
"6746x2473",6746.4476534296,2473.01733868917,"Lhx6","3"
"6754x1365",6754.01102186254,1365.38579538592,"SST","3"
"6758x5596",6758.47310272719,5595.77924544742,"Smc","3"
"6804x817",6803.61803466707,816.844842137153,"eL5-3","3"
"6778x2159",6777.68359420972,2159.06873014005,"L5-1","3"
"6806x5357",6806.19945990979,5357.23611709615,"eL5-2","3"
"6884x3850",6883.65677392481,3849.5957215751,"Smc","3"
"6848x1228",6847.83502703988,1228.26314851132,"L5-1","3"
"6850x6425",6849.80060107561,6425.12005694401,"Smc","3"
"6839x4239",6838.78257167187,4238.64696281578,"Oligo","3"
"6853x2626",6852.9282932417,2625.68648339061,"L5-1","3"
"6867x2250",6867.05831775701,2250.41089452603,"Smc","3"
"6856x3145",6855.9827781876,3144.8233558418,"L5-1","3"
"6878x2479",6878.22810804504,2478.51478910215,"eL6-1","3"
"6890x4968",6890.17585822883,4967.63109475621,"eL5-2","3"
"6882x2771",6882.19873838432,2771.1251441362,"eL6-1","3"
"6887x5983",6886.61554260804,5983.12382110072,"Oligo","3"
"6935x2004",6934.94734083444,2004.18561744357,"VIP","3"
"6954x1028",6954.10934024234,1028.02083169768,"Smc","3"
"6964x5590",6964.39549707384,5590.4927125657,"L5-1","3"
"7032x2286",7032.03407249467,2286.48520255864,"eL6-2","3"
"7022x5955",7022.30138010064,5954.57495889592,"eL6-2","3"
"7049x1785",7048.88354658137,1784.55792682927,"eL5-3","3"
"7050x3608",7050.16313135356,3607.90058432722,"L5-1","3"
"7034x1336",7034.33449211867,1335.72508214677,"eL5-3","3"
"7034x5818",7034.43986609357,5818.1397338403,"eL6-2","3"
"7050x5249",7050.17486063431,5249.23129980158,"SST","3"
"7016x37",7016.06975911167,37.4418375570879,"Astro","3"
"7065x5491",7065.47361289886,5490.6458234537,"Smc","3"
"7049x5038",7049.06337616822,5038.11100785896,"L5-1","3"
"7066x6505",7066.1025926515,6504.5833068236,"eL5-2","3"
"7077x6376",7076.7678526685,6375.64023218909,"eL5-2","3"
"7069x1203",7068.71430607011,1203.3004060986,"Astro","3"
"7103x2716",7103.37200960484,2715.63380072926,"L5-1","3"
"7079x2941",7079.3820970696,2941.21307561486,"Astro","3"
"7122x3489",7121.92705272256,3488.57476231634,"NPY","3"
"7101x211",7100.75069770496,211.487342811176,"eL5-3","3"
"7142x1738",7141.59634440982,1738.24370601212,"eL5-3","3"
"7168x3147",7168.33931484502,3146.69209854854,"Astro","3"
"7245x4079",7244.95145078288,4079.46409722983,"NPY","3"
"7189x5040",7189.11334879369,5039.91045201188,"L5-1","3"
"7192x4785",7191.58248374408,4784.75026089749,"L5-1","3"
"7217x998",7217.35393015201,997.900230902444,"Lhx6","3"
"7185x3787",7185.24165473805,3786.581677641,"eL5-3","3"
"7218x6295",7217.57518109959,6294.57835171852,"eL5-3","3"
"7255x2876",7254.59521846661,2875.84504407382,"L5-1","3"
"7230x140",7229.9485186984,139.640170525066,"eL5-3","3"
"7243x1747",7242.66390993722,1746.69889586491,"eL5-3","3"
"7289x1526",7289.07911757602,1526.29312149432,"eL5-3","3"
"7273x3669",7272.82501628665,3669.03439739414,"eL5-3","3"
"7276x3406",7275.79542307412,3406.40255812259,"eL6-1","3"
"7288x5972",7288.41880408513,5972.28272394169,"eL6-1","3"
"7287x4385",7286.54854199406,4385.2743146499,"Smc","3"
"7336x267",7335.59678902503,266.624723513184,"eL5-3","3"
"7327x2258",7326.60631888317,2258.14396277247,"Smc","3"
"7318x4701",7318.46007493268,4701.06181945908,"eL5-2","3"
"7337x5539",7336.70281217452,5539.30401573892,"Endo","3"
"7341x642",7340.80959167235,642.155709771361,"eL5-3","3"
"7343x760",7343.0932304038,759.542274629567,"eL5-3","3"
"7399x5200",7399.18916653145,5199.75636865163,"L5-1","3"
"7416x4296",7416.49323423885,4296.21645310097,"Lhx6","3"
"7450x5974",7450.11181654506,5974.05822988724,"L5-1","3"
"7452x1216",7452.05856159176,1215.89393314073,"eL5-3","3"
"7419x3586",7419.051055435,3585.67058591438,"L5-1","3"
"7436x5550",7435.54593896335,5550.02486678508,"eL5-3","3"
"7435x889",7435.24053306706,888.931292726016,"eL5-3","3"
"7463x2857",7462.90933752916,2857.15229775921,"eL5-3","3"
"7480x3059",7479.74241809743,3059.09404713623,"Smc","3"
"7493x1821",7492.92280817998,1821.30464114688,"eL5-3","3"
"7488x2066",7487.92812891214,2066.30483420537,"eL5-3","3"
"7486x4529",7485.82479801248,4529.06206810163,"eL6-1","3"
"7481x3491",7481.43721575153,3491.06605657238,"eL6-1","3"
"7491x4949",7490.57698396707,4948.53642670044,"L5-1","3"
"7501x3374",7500.81356232295,3373.5657223796,"eL5-3","3"
"7545x3184",7545.49953026439,3184.35314051805,"eL6-1","3"
"7553x4805",7553.10990182328,4805.35068723703,"L5-1","3"
"7585x5404",7585.04767876201,5403.59610458911,"eL5-3","3"
"7594x3785",7594.16604468329,3785.25630691148,"SST","3"
"7626x3553",7625.67046734715,3553.46949783225,"L5-1","3"
"7630x840",7630.00977185705,839.667597319719,"Astro","3"
"7638x5833",7638.24888290384,5833.20410724123,"L5-1","3"
"7666x1719",7665.60719860711,1718.88064361191,"eL5-3","3"
"7687x2425",7686.5457052043,2424.73679776357,"Astro","3"
"7661x1334",7661.1446128879,1333.81582488917,"eL5-3","3"
"7695x1534",7695.1302858194,1534.20147623537,"eL5-3","3"
"7692x3692",7692.10662016566,3691.72055801208,"Reln","3"
"7682x3184",7681.59609834672,3183.75889840936,"L5-1","3"
"7696x5082",7696.47016303911,5081.79757984633,"L5-1","3"
"7694x3986",7693.86966791062,3986.04709717039,"L5-1","3"
"7728x5660",7727.573987089,5660.2872572907,"L5-1","3"
"7727x3393",7726.69049541633,3393.13380515841,"L5-1","3"
"7749x890",7749.45815695213,890.145834302461,"L5-1","3"
"7704x6299",7704.01139682722,6299.48931905389,"L5-1","3"
"7786x4156",7786.07212935051,4156.15409701288,"L5-1","3"
"7778x115",7777.99640201487,114.653394099304,"Smc","3"
"7812x5358",7812.2388302463,5357.64382925048,"eL5-3","3"
"7855x6485",7854.60285302204,6485.37386758011,"L5-1","3"
"7822x6115",7822.43935119887,6114.5660554772,"eL6-2","3"
"7853x5827",7853.08159401343,5826.90990848848,"eL5-3","3"
"7830x3053",7830.35644060608,3052.82681111925,"eL5-3","3"
"7837x3199",7836.66090088262,3199.05934868621,"Smc","3"
"7858x3974",7857.98037787168,3973.8079557045,"L5-1","3"
"7884x5506",7884.21745609029,5506.15287553104,"eL5-3","3"
"7876x1013",7876.00980678622,1013.43321523796,"SST","3"
"7909x3348",7909.23049348231,3348.46345437616,"Smc","3"
"7915x2535",7914.94961548661,2535.12185096791,"Lhx6","3"
"7934x6170",7933.91660715267,6169.82848980937,"eL5-3","3"
"7932x3844",7932.43442961738,3844.45420996693,"L5-1","3"
"7933x37",7932.87752414399,36.9604184957565,"eL5-3","3"
"7882x372",7881.95579610518,371.647587059049,"Astro","3"
"7946x1497",7945.9822515085,1496.66002676159,"eL5-3","3"
"7953x6003",7953.30518081474,6002.72620902251,"Lhx6","3"
"7983x5275",7983.14648719632,5274.55530750711,"eL5-3","3"
"7989x5025",7988.70174431125,5025.12152752853,"eL6-2","3"
"7964x4619",7963.51702534753,4618.73885436597,"eL5-3","3"
"8034x806",8033.91478492186,806.305915782473,"L5-1","3"
"8026x4010",8025.84789665235,4010.08311747926,"NPY","3"
"8052x1708",8051.8153399723,1708.41766141265,"Smc","3"
"8114x4738",8114.22108392012,4738.06749971142,"eL5-3","3"
"8066x3105",8066.16430666817,3104.99483809094,"eL5-3","3"
"8083x590",8082.99817030852,589.79061599613,"eL5-3","3"
"8079x1393",8079.41360965263,1393.48527417504,"Astro","3"
"8140x4470",8140.21737369962,4469.84015448826,"eL5-3","3"
"8149x5788",8148.66332733643,5787.75157655525,"eL5-3","3"
"8158x4980",8157.85747340922,4979.79596939728,"Lhx6","3"
"8200x56",8199.58523265534,56.2552800222903,"eL5-3","3"
"8135x2832",8135.34496447973,2832.00454450481,"eL2/3","3"
"8194x6123",8193.75495942867,6123.26382880692,"Endo","3"
"8185x2707",8185.39119105353,2706.69175925591,"eL5-3","3"
"8199x2052",8198.59130784506,2051.90234522283,"NPY","3"
"8207x2584",8206.71202659963,2583.94842267456,"eL6-2","3"
"8248x233",8247.98427182685,233.357162509171,"eL5-3","3"
"8236x1114",8235.84991082453,1114.13999176842,"eL5-3","3"
"8258x3102",8257.80104325834,3102.23510195479,"eL6-2","3"
"8289x3842",8289.26790290969,3841.66021408111,"eL5-2","3"
"8275x5976",8275.41127931137,5976.32472543782,"Astro","3"
"8331x3367",8331.42199496742,3367.0019033486,"eL6-1","3"
"8303x6343",8303.42979841881,6342.96454737365,"eL5-3","3"
"8346x1624",8345.74105687158,1623.96218950801,"eL5-3","3"
"8335x6533",8335.47890827199,6533.32062787805,"NPY","3"
"8360x5509",8359.73023563092,5508.76772737282,"Lhx6","3"
"8312x1225",8311.73938215207,1224.5015604505,"Oligo","3"
"8361x4205",8361.29085295807,4204.71912693854,"Endo","3"
"8359x4080",8358.53458549223,4079.56865284974,"L5-1","3"
"8419x2297",8419.40044735261,2296.71025572545,"eL6-1","3"
"8399x329",8399.09415459556,328.887386232534,"Astro","3"
"8451x2836",8450.71658298054,2836.47507466115,"Lhx6","3"
"8470x3640",8470.37776801728,3640.08572160609,"eL6-1","3"
"8473x5775",8473.29733788396,5774.96881911263,"eL5-2","3"
"8477x4809",8477.33990270675,4809.2971809904,"Endo","3"
"8454x6055",8453.65088852469,6054.90603811176,"eL5-3","3"
"8476x2443",8476.38284988768,2442.80072923788,"eL5-3","3"
"8497x3044",8496.74464784362,3043.77610145827,"Lhx6","3"
"8539x2558",8539.29629276963,2557.87231003618,"eL6-1","3"
"8526x1515",8525.69412038519,1514.76592092631,"Lhx6","3"
"8581x155",8580.64352729813,154.804820840403,"SST","3"
"8611x2925",8611.10882183908,2924.87692528736,"eL5-3","3"
"8607x4846",8606.5507168555,4845.74875154379,"Smc","3"
"8556x4495",8555.54307653665,4494.69934335642,"eL5-3","3"
"8603x3892",8602.80343243187,3892.45660155676,"Lhx6","3"
"8618x1664",8618.03953187358,1663.52672311509,"eL5-3","3"
"8614x3707",8614.04649858198,3707.09511640228,"eL5-3","3"
"8643x2179",8642.88856663471,2178.625,"eL5-2","3"
"8623x5369",8623.40681640407,5369.3340708459,"eL5-3","3"
"8698x4621",8697.68629763148,4621.46501128668,"Smc","3"
"8664x5941",8663.6605298608,5941.37183270255,"L5-1","3"
"8678x82",8677.82141978346,82.1748277559055,"Lhx6","3"
"8686x6320",8686.05814905815,6320.37605069184,"Lhx6","3"
"8679x1420",8679.32297687861,1419.75265792733,"L5-1","3"
"8678x946",8678.04484395925,946.395803741731,"Astro","3"
"8703x1827",8703.02331522442,1827.12475746993,"Smc","3"
"8710x4023",8710.3478602663,4023.34427357146,"Lhx6","3"
"8733x613",8732.92919436195,612.973648234573,"Lhx6","3"
"8728x3069",8727.89726276768,3068.60791712177,"eL6-1","3"
"8744x4168",8744.0364281109,4168.32104287556,"Lhx6","3"
"8743x770",8742.54766907653,769.98169450479,"Lhx6","3"
"8743x1136",8742.57240317671,1135.6026659203,"SST","3"
"8777x124",8776.63904030393,123.951065411298,"L5-1","3"
"8781x6195",8781.12871723328,6194.84910786401,"Lhx6","3"
"8786x2802",8786.16860237185,2801.6214103695,"L5-1","3"
"8773x4433",8773.48528769306,4433.38789093619,"L5-1","3"
"8796x4832",8795.76546787114,4831.69089824442,"NPY","3"
"8820x2470",8819.52092170125,2470.38733807176,"eL5-3","3"
"8813x5852",8813.32020071131,5851.92318932481,"eL5-3","3"
"8819x2235",8819.4630940655,2234.80078798326,"eL5-3","3"
"8822x3738",8821.62863024778,3738.16403205647,"L5-1","3"
"8819x3594",8819.27149912841,3594.38257795855,"eL5-2","3"
"8797x3386",8796.99202791829,3385.60065953768,"L5-1","3"
"8867x3489",8866.97358648778,3488.73346909439,"L5-1","3"
"8875x594",8874.60836038961,593.998339728453,"Reln","4"
"8894x6359",8894.49977415656,6359.43056182898,"Astro","3"
"8875x6008",8875.35751059964,6007.59867756915,"L5-1","3"
"8887x1432",8886.87684151786,1431.86236049107,"eL6-2","4"
"8916x6531",8916.46803772596,6530.63570867173,"Astro","3"
"8923x1247",8923.13181123748,1247.00398913597,"eL6-2","4"
"8946x2348",8945.9276293445,2348.2130929469,"Lhx6","4"
"8928x2670",8928.17777830615,2669.78241951591,"eL6-2","4"
"8930x3853",8929.8577024688,3853.4647444657,"eL2/3","3"
"8920x4505",8920.36446894792,4504.68469494692,"eL5-2","3"
"8932x4779",8931.54652071931,4779.1522185301,"eL6-1","4"
"8966x5336",8966.18863826232,5335.70799916458,"Lhx6","3"
"8996x3608",8996.08298977183,3608.43386309992,"Lhx6","4"
"8985x5907",8985.22712756775,5907.36630416019,"L5-1","3"
"8992x2921",8992.42291954512,2920.94491975768,"eL6-1","4"
"9009x6131",9008.69562975377,6130.61531519917,"L5-1","3"
"9008x177",9008.02783767347,177.431967711616,"eL6-2","4"
"9011x4455",9011.44956334641,4455.40950512593,"L5-1","3"
"9007x3109",9007.25068719076,3108.71599169263,"eL6-1","4"
"9010x4297",9009.7022605472,4296.58145625982,"Lhx6","3"
"9003x2037",9003.18514498962,2037.20606995297,"eL6-1","4"
"9029x5522",9028.91680049277,5522.02934641529,"L5-1","3"
"9023x873",9023.22731733429,873.202842953579,"eL6-1","4"
"9065x3801",9065.20377029242,3800.84122997197,"L5-1","3"
"9060x4759",9059.7067613308,4758.69280937835,"eL6-1","4"
"9061x533",9060.55836118332,532.934304988241,"eL6-1","4"
"9073x4601",9072.65670239421,4601.00281876392,"L5-1","3"
"9054x1016",9054.22298575839,1015.88233243701,"NPY","4"
"9009x1773",9009.31962178933,1773.39414533252,"Oligo","4"
"9085x328",9085.3112807205,327.537230957106,"eL6-1","4"
"9084x5769",9083.9198014569,5768.80428338351,"eL6-1","4"
"9124x1491",9124.49363310784,1491.09757262236,"eL6-1","4"
"9101x2215",9100.96112947904,2214.95275965806,"eL6-1","4"
"9155x4280",9155.29208883431,4280.41118275168,"eL6-1","4"
"9136x4945",9135.75453829881,4945.23003886456,"eL6-1","4"
"9152x803",9152.41392700826,803.369138118274,"eL6-1","4"
"9163x3289",9163.42909926923,3289.29875195008,"eL6-1","4"
"9180x1655",9180.23224206942,1655.25339028616,"eL5-3","4"
"9144x2782",9143.82049914439,2781.62139698202,"eL6-1","4"
"9169x6309",9169.41101410343,6308.87975151108,"eL5-3","3"
"9161x6468",9160.50204138122,6468.08795239084,"eL5-3","3"
"9166x4064",9166.48930996048,4063.53210389435,"eL6-2","4"
"9195x3709",9195.07479913109,3708.51663220707,"L5-1","3"
"9246x3435",9246.14653209895,3434.84299590226,"eL6-1","4"
"9198x34",9198.15289474951,33.8416670677126,"eL5-3","4"
"9216x670",9216.19757344337,669.684978752233,"eL6-1","4"
"9212x4693",9212.4965153188,4693.37117030086,"eL6-1","4"
"9232x5515",9231.97485320714,5515.28424547234,"eL6-1","4"
"9245x425",9244.97269356598,424.851035986914,"Astro","4"
"9251x2722",9251.37703558951,2722.45478770652,"eL6-1","4"
"9251x6548",9250.59276764614,6548.18803228252,"eL6-1","4"
"9286x3986",9285.83973524305,3985.93136935764,"eL6-2","4"
"9266x4521",9265.76570545829,4520.70838944783,"NPY","4"
"9267x5864",9267.07091451113,5864.49718449818,"L5-1","3"
"9291x3238",9291.18647216679,3238.21279157779,"eL6-1","4"
"9279x2121",9278.89413733976,2120.53788682943,"eL6-1","4"
"9315x2315",9315.42969870875,2315.49790769967,"Smc","4"
"9305x574",9304.56660701652,574.128761080361,"eL6-1","4"
"9289x1378",9289.36288998358,1377.5986341245,"Astro","4"
"9322x4949",9322.36760220428,4948.63665256952,"L5-1","3"
"9304x4365",9303.94553360849,4365.34795106132,"eL5-2","3"
"9328x6135",9327.67250766345,6135.09763462506,"eL5-2","3"
"9285x1189",9284.6497269196,1189.29326206957,"Reln","4"
"9321x1553",9321.28349248897,1553.31096777796,"eL6-1","4"
"9323x2986",9322.72676382827,2986.16823259599,"eL6-1","4"
"9307x5719",9307.02662376835,5718.9423285743,"Smc","4"
"9315x4204",9314.54947288801,4204.26875620479,"L5-1","3"
"9335x1961",9335.15378297579,1960.74489963534,"eL5-3","4"
"9348x5214",9347.87752347418,5213.82811032864,"eL5-3","3"
"9370x2764",9369.97303410653,2763.90136160021,"L5-1","4"
"9392x176",9391.98729506167,175.747065233543,"eL6-1","4"
"9369x765",9369.20217332976,765.022717109382,"Endo","4"
"9401x2557",9401.36101734373,2557.17751134909,"Astro","4"
"9425x4764",9424.81569677328,4763.56897280541,"L5-1","3"
"9426x1351",9426.44411835652,1351.12659805419,"eL6-1","4"
"9404x3490",9404.23479529272,3490.21383010285,"eL6-1","4"
"9450x4611",9449.78940397351,4610.62050973309,"L5-1","3"
"9444x5402",9443.89892981644,5401.91714000146,"eL6-1","4"
"9449x971",9449.07547671412,971.244967010658,"eL6-1","4"
"9460x3679",9460.45087783589,3678.89909051537,"eL6-1","4"
"9474x3855",9473.85500520883,3854.65607538593,"eL6-1","4"
"9481x1143",9481.473133671,1143.44112897306,"eL6-1","4"
"9482x2637",9482.4080972563,2637.47981262547,"Smc","4"
"9520x5028",9520.05217690455,5027.85558656015,"SST","4"
"9500x4327",9499.51360477443,4327.33845066551,"eL6-1","4"
"9506x2749",9506.38806499261,2749.22162481536,"SST","4"
"9536x2487",9535.89437180749,2486.91672524486,"eL6-1","4"
"9515x4179",9515.46578321041,4178.66558928099,"eL6-2","4"
"9515x374",9515.37976816419,373.50143121054,"Smc","4"
"9559x5243",9558.97587098057,5243.37741662939,"Astro","4"
"9542x6540",9541.65562206071,6539.96536981616,"Endo","4"
"9582x5711",9582.04794735193,5711.09678663549,"eL6-2","4"
"9590x3979",9589.52258226998,3978.62835795836,"eL6-1","4"
"9568x30",9567.52018313129,29.6611426360588,"eL6-2","4"
"9606x1948",9606.46825561492,1947.79812230925,"eL6-1","4"
"9614x3061",9613.88774421428,3060.75955701093,"eL6-1","4"
"9609x3830",9609.40348583878,3829.92783224401,"Oligo","4"
"9617x3670",9617.17026166902,3669.60449080622,"eL6-1","4"
"9642x2637",9642.42410451182,2636.575600812,"eL6-1","4"
"9629x6534",9629.09621650978,6533.52498189718,"Endo","4"
"9657x3200",9656.768807643,3200.25526283138,"eL6-1","4"
"9645x2909",9644.62262531472,2908.66694323644,"eL6-2","4"
"9662x379",9662.06241559896,379.399361022364,"eL6-1","4"
"9679x3370",9679.09197526477,3369.81924799204,"eL6-1","4"
"9690x4283",9690.18128978688,4282.88978688071,"eL6-1","4"
"9688x4984",9688.45795661342,4983.99035211878,"L5-1","4"
"9711x3767",9710.99221458549,3767.02165318411,"eL6-1","4"
"9704x6171",9704.45905319277,6170.74830640959,"Oligo","4"
"9710x2088",9710.44303417199,2088.14059331581,"eL6-2","4"
"9701x6388",9700.965,6388.40907284768,"Astro","4"
"9736x2501",9735.50373052101,2500.53920982213,"eL6-1","4"
"9788x2842",9788.45796858639,2842.38110994764,"eL6-1","4"
"9802x640",9801.66470353932,639.516587003528,"L5-1","4"
"9818x4914",9818.00345205833,4914.04042457091,"eL6-1","4"
"9795x2188",9794.82609433322,2188.07868171021,"eL6-2","4"
"9844x4034",9843.80011278581,4033.64590382446,"VIP","4"
"9857x1538",9856.77879687079,1538.0253237119,"Astro","4"
"9829x2667",9828.88619126134,2666.81694146744,"eL6-1","4"
"9842x5682",9842.48965307365,5682.17670927166,"eL6-1","4"
"9834x795",9833.89335235993,795.168277644651,"eL6-1","4"
"9867x3229",9867.12353689567,3228.60839694656,"eL6-1","4"
"9852x5788",9851.58113634097,5787.78832407992,"eL6-1","4"
"9850x2291",9849.89248424419,2291.38378327533,"eL6-1","4"
"9870x307",9869.88641609438,307.445131507708,"eL6-1","4"
"9918x4534",9917.54768426819,4533.82095747819,"L5-1","4"
"9859x5547",9858.54671866657,5547.21612461406,"L5-1","4"
"9933x5163",9932.6408496732,5163.1099877451,"eL6-1","4"
"9928x6191",9927.94029850746,6190.89106863551,"eL6-2","4"
"9940x2600",9939.74156761966,2600.38906735196,"eL6-2","4"
"9972x4797",9972.05151505942,4796.62781509285,"eL6-1","4"
"9969x4111",9968.96716199446,4110.84112387438,"eL6-2","4"
"9980x878",9979.58823388564,877.964634613543,"Endo","4"
"9972x2149",9971.57749002637,2149.23990803976,"eL6-2","4"
"9978x3589",9978.09261277546,3588.60434886626,"eL6-1","4"
"9973x2465",9972.82295784423,2465.19309574821,"eL6-1","4"
"10020x4994",10019.9482991081,4994.05781995437,"eL6-2","4"
"10039x2976",10039.1117547956,2975.96024591375,"eL6-1","4"
"10032x6251",10032.0359389254,6251.44598357901,"eL6-1","4"
"10035x1730",10035.3368230039,1730.37445561139,"eL6-1","4"
"10028x188",10028.3025488706,187.658803619534,"Astro","4"
"10099x518",10098.9998572244,517.791404911479,"Oligo","4"
"10064x3961",10063.7331621485,3961.27319414043,"eL6-1","4"
"10064x3816",10063.8707445064,3815.66356182355,"L5-1","4"
"10090x2603",10090.1222231101,2603.44454211283,"eL6-1","4"
"10099x2082",10099.3619924379,2081.64034193654,"eL6-1","4"
"10158x4844",10158.3494759739,4843.89009294048,"L5-1","4"
"10113x4413",10112.8890786005,4412.97855260005,"eL6-2","4"
"10133x4070",10133.4646584232,4069.66662281856,"eL6-1","4"
"10152x4253",10152.0856923975,4253.11677367576,"eL6-1","4"
"10173x5771",10173.2948820244,5770.73388046658,"Astro","4"
"10160x2906",10160.4397198187,2906.04433456943,"eL6-1","4"
"10164x3250",10164.4438793783,3249.74717665879,"eL6-2","4"
"10171x6240",10171.4230378517,6240.25793913696,"eL6-2","4"
"10171x1347",10171.3183280627,1346.99623264128,"Astro","4"
"10187x1519",10186.7038965291,1518.70078585462,"eL5-3","4"
"10209x5199",10209.4733184215,5198.9072801832,"eL6-2","4"
"10230x2686",10229.5536281517,2685.75995135994,"eL6-2","4"
"10208x3829",10207.5056393257,3828.81016291385,"eL6-1","4"
"10223x5418",10223.4387331909,5417.75677600436,"eL6-1","4"
"10239x1714",10239.0749109665,1714.32221539973,"eL6-1","4"
"10213x6556",10212.7580022075,6556.46688741722,"Astro","4"
"10223x3462",10222.704835422,3461.63866450249,"eL6-2","4"
"10202x5939",10202.2192524036,5939.45938883791,"eL6-1","4"
"10269x4084",10269.3385527877,4084.26378579902,"eL6-1","4"
"10282x2995",10282.2427093808,2995.42310731217,"eL6-1","4"
"10305x6186",10305.0472762646,6185.63846581434,"eL6-1","4"
"10303x2429",10302.8209248934,2428.54431996686,"eL6-2","4"
"10322x5525",10321.6565214418,5524.90954791054,"eL6-2","4"
"10326x3754",10325.7780166371,3754.20656136087,"Oligo","4"
"10321x4284",10320.8319949352,4283.89893705641,"eL6-1","4"
"10318x4552",10318.4106546041,4552.16200875879,"eL6-1","4"
"10313x440",10312.7810254537,440.423212763366,"eL6-2","4"
"10315x158",10314.7710207187,157.685215017676,"eL6-2","4"
"10381x1099",10380.5478507322,1099.35503070383,"eL6-1","4"
"10368x894",10368.0970654628,894.226416084834,"Reln","4"
"10361x1435",10360.7726025119,1435.03871745821,"eL6-1","4"
"10348x2077",10347.662612172,2077.34525581593,"Oligo","4"
"10372x4402",10372.2827791847,4402.14288048362,"eL6-1","4"
"10388x2883",10387.7398370569,2882.94792541576,"eL6-1","4"
"10435x5344",10434.6767178184,5343.87994819666,"eL6-1","4"
"10427x5962",10426.834729742,5962.47962856538,"eL6-1","4"
"10440x325",10439.9422646242,324.865851473618,"eL6-2","4"
"10426x5100",10425.9843286933,5099.72570722946,"eL6-1","4"
"10454x1996",10454.4981263681,1996.08789374096,"Smc","4"
"10429x1802",10428.8467320182,1801.96241881735,"eL6-1","4"
"10466x4529",10465.68416421,4529.02846834162,"eL6-1","4"
"10465x176",10464.6981232672,175.86558967797,"eL6-2","4"
"10452x1590",10452.4143702946,1589.94287698268,"eL6-1","4"
"10492x553",10492.2055145307,553.371873511196,"eL6-2","4"
"10522x3869",10522.3018529183,3868.90186646794,"eL6-2","4"
"10534x4318",10533.8372726716,4317.9222337885,"eL6-1","4"
"10533x2347",10533.2583351842,2347.41785740727,"eL6-2","4"
"10548x3616",10547.7924848906,3616.41188283226,"eL6-2","4"
"10534x6120",10533.8801523692,6119.56587986613,"eL6-2","4"
"10581x1482",10580.8905176563,1481.7715398416,"eL6-1","4"
"10577x4004",10577.2534357316,4003.51934403511,"L5-1","4"
"10588x1815",10587.722548329,1815.06593879627,"eL6-1","4"
"10596x1636",10595.9087095756,1635.79152947544,"eL6-1","4"
"10571x1227",10571.1361656797,1227.13669831124,"eL6-1","4"
"10608x2687",10608.1147780108,2687.07844835445,"Smc","4"
"10610x2968",10609.9874714078,2968.44078810564,"eL6-1","4"
"10608x3179",10607.5487920994,3178.55158211731,"eL6-2","4"
"10615x4513",10615.4915559065,4513.21774794929,"eL6-1","4"
"10653x5148",10652.9883409917,5147.95569576847,"eL6-2","4"
"10684x2813",10684.4626929674,2812.84558319039,"eL6-1","4"
"10659x1103",10658.5429876146,1102.97125398338,"eL6-1","4"
"10683x357",10682.6513660033,357.381410942293,"eL6-1","4"
"10675x756",10675.2426367963,755.906702930967,"eL6-2","4"
"10680x612",10680.1204709534,612.225592065313,"eL6-1","4"
"10676x3780",10675.7920800427,3780.33529130716,"eL6-1","4"
"10741x1699",10740.8600381084,1699.14204053352,"eL6-1","4"
"10686x5564",10686.4977288959,5564.25384945008,"SST","4"
"10707x4835",10707.1872799574,4835.04414781794,"eL6-1","4"
"10753x4478",10752.9713999625,4478.37236372739,"eL6-1","4"
"10779x1527",10778.6866178671,1526.81934727221,"eL6-1","4"
"10750x2145",10749.5477722621,2144.54427897285,"Smc","4"
"10741x5399",10740.7385860821,5398.62801689461,"SST","4"
"10821x4676",10820.6724856827,4676.27908670753,"eL6-1","4"
"10805x1152",10804.6743589744,1151.8965967366,"eL5-3","4"
"10805x560",10805.1762484264,559.547688987471,"eL6-2","4"
"10833x1894",10833.079072938,1894.48315317947,"eL6-2","4"
"10846x5309",10845.5810971266,5309.11861790549,"Oligo","4"
"10853x5450",10853.0948871751,5450.2902027992,"Oligo","4"
"10851x2222",10850.5142874403,2221.86576451399,"Smc","4"
"10857x971",10857.3571456935,970.693443989993,"eL6-1","4"
"10879x2051",10878.9492311721,2050.89849975682,"eL6-2","4"
"10880x1281",10879.8806792923,1280.60745087579,"Smc","4"
"10852x6490",10851.963649815,6489.5887053021,"Astro","4"
"10888x5622",10887.9286495276,5622.41646808153,"L5-1","4"
"10867x793",10867.20889463,792.767161837977,"eL5-3","4"
"10880x5792",10879.7372453372,5791.53153515065,"Oligo","4"
"10886x3716",10886.1584963845,3715.98133772863,"Oligo","4"
"10903x3023",10903.1682035793,3022.81447803875,"eL6-1","4"
"10927x3986",10926.6983918333,3986.25143336596,"eL6-2","4"
"10917x276",10917.3251515639,275.810397553517,"eL6-2","4"
"10945x5319",10944.791025762,5318.80928564688,"eL6-1","4"
"10928x6395",10928.074454091,6394.80142067877,"Astro","4"
"10952x1930",10951.7438186492,1930.05496611358,"Oligo","4"
"10957x2578",10957.4777620619,2578.11656675872,"eL6-2","4"
"10969x904",10968.8955759267,904.01844787337,"eL6-2","4"
"10969x3501",10968.8858863747,3500.63779912095,"Smc","4"
"10981x703",10981.4477646823,703.077593402557,"eL6-1","4"
"11028x3821",11027.6211588696,3821.10004749466,"eL5-3","4"
"11017x2306",11017.0971414794,2305.60570096713,"Astro","4"
"11020x6067",11019.7028870606,6066.87138369484,"L5-1","4"
"11030x85",11030.153852095,84.9063911952114,"eL6-2","4"
"11028x1435",11027.7127045986,1435.39454403741,"Oligo","4"
"11026x3331",11025.8006437768,3331.14098712446,"eL6-2","4"
"11041x4109",11041.2379267203,4108.5036282395,"eL6-1","4"
"11029x5869",11029.4620020186,5869.44665439649,"eL6-1","4"
"11041x5143",11040.5173604009,5142.80139087748,"eL6-1","4"
"11047x3058",11046.8164737212,3058.42360468987,"eL6-1","4"
"11083x4792",11083.1208746116,4792.06442347148,"Oligo","4"
"11029x6206",11028.5958579882,6206.39257067719,"eL6-1","4"
"11060x356",11060.4182894468,356.430536844254,"eL6-2","4"
"11058x4423",11057.5935843187,4422.69388369487,"eL6-1","4"
"11127x3219",11126.66368,3219.15496,"Oligo","4"
"11121x1278",11120.8690409197,1278.39740600799,"eL6-2","4"
"11104x5675",11104.1198269603,5674.93789327202,"Lhx6","4"
"11096x1801",11095.7331656887,1801.41947072207,"Oligo","4"
"11150x3321",11150.0506329114,3321.24332691249,"Oligo","4"
"11116x3610",11116.3493509635,3609.61311779408,"eL6-2","4"
"11137x4990",11136.7718412565,4989.67346795681,"eL6-1","4"
"11178x3037",11178.3128461972,3037.0947626787,"eL6-2","4"
"11166x3428",11166.4156603671,3428.30010288623,"eL6-1","4"
"11188x5949",11188.0755899808,5948.56167284277,"eL6-1","4"
"11182x6514",11181.7921256943,6513.90118759014,"eL6-1","4"
"11185x67",11185.4688672484,66.6834872054298,"eL6-2","4"
"11172x3731",11172.2110998344,3730.61065114043,"eL6-2","4"
"11202x4732",11202.2335716581,4731.68239877892,"eL6-2","4"
"11186x449",11185.9652579284,448.946338641622,"eL6-1","4"
"11190x950",11189.8813628481,950.166377639498,"Smc","4"
"11198x5533",11197.5240522325,5533.00387531592,"Astro","4"
"11238x3984",11237.815348443,3984.22582497198,"eL6-2","4"
"11259x3607",11258.6287109749,3606.95561195173,"eL6-2","4"
"11237x4899",11237.0881725435,4898.84324450134,"eL6-2","4"
"11241x5181",11240.7501618123,5180.77371172517,"eL6-2","4"
"11251x4572",11250.9661044543,4571.97968220891,"eL6-1","4"
"11279x1187",11278.6587727018,1187.43029442355,"eL6-2","4"
"11277x3344",11277.0904854953,3343.99749486447,"eL6-2","4"
"11308x6322",11307.7106536066,6321.95664792309,"eL6-1","4"
"11295x4350",11294.7933138986,4349.89996015184,"eL6-1","4"
"11304x2856",11304.3724115563,2855.89803403024,"eL6-2","4"
"11325x5812",11324.661349338,5811.9476690621,"eL6-1","4"
"11321x5074",11320.8402723951,5074.11831469383,"eL6-1","4"
"11352x5423",11352.3446533128,5423.16372881356,"eL6-1","4"
"11360x5607",11359.6038802034,5606.56740126829,"eL6-2","4"
"11360x4952",11359.6944444444,4951.64427166401,"eL6-1","4"
"11435x3584",11435.3382475227,3583.63039636893,"eL6-2","4"
"11383x4803",11383.4183819176,4803.19130707345,"eL6-1","4"
"11375x3169",11375.1874429553,3168.57894989672,"Astro","4"
"11403x3294",11403.2749492214,3293.57000677048,"Smc","4"
"11413x4559",11413.3316243224,4559.23816210568,"eL6-2","4"
"11425x1854",11424.5256297128,1854.33487084871,"Astro","4"
"11407x2149",11406.8917174994,2148.63322872959,"eL6-2","4"
"11408x3030",11408.0137112489,3030.06458813109,"SST","4"
"11422x4146",11421.6062096301,4146.0102270503,"eL6-1","4"
"11440x3967",11439.7787017787,3966.9235004235,"eL6-1","4"
"11432x6173",11432.0506331506,6173.44333774334,"eL6-2","4"
"11456x6536",11455.8418482911,6535.69315951075,"eL6-1","4"
"11444x41",11443.6122415491,40.8336068263866,"Smc","4"
"11450x1247",11450.2276201353,1247.14446982342,"Oligo","4"
"11471x1747",11470.8652645561,1746.93761346026,"Oligo","4"
"11475x5835",11475.3364214936,5835.17082896963,"eL6-1","4"
"11482x810",11482.4894396454,810.249920853874,"Oligo","4"
"11510x2710",11510.4551228687,2709.51796010236,"eL6-2","4"
"11537x5203",11537.1457604045,5203.45847919098,"eL6-2","4"
"11528x5430",11527.5386652542,5430.13834745763,"Oligo","4"
"11548x2851",11548.0835472044,2850.65843263061,"eL6-2","4"
"11572x639",11572.357915236,639.086198944294,"Oligo","4"
"11560x4415",11559.6531062852,4414.94404452241,"eL6-2","4"
"11564x4607",11563.725929915,4607.21456321883,"eL6-2","4"
"11590x3982",11590.0046253469,3982.17147865037,"Oligo","4"
"11661x748",11661.3098762928,747.885959575475,"Oligo","4"
"11614x5651",11613.8445071011,5650.8854427736,"eL6-2","4"
"11659x5297",11659.0954349151,5297.14967013751,"Smc","4"
"11629x2522",11629.4521128466,2521.60620736974,"Smc","4"
"11680x6359",11680.126441842,6359.28560946259,"eL6-2","4"
"11689x3403",11688.913687479,3402.50012588117,"Smc","4"
"11676x4536",11675.5703022339,4535.70948313622,"eL6-2","4"
"11662x299",11662.4562290893,299.068205168735,"Astro","4"
"11671x4835",11671.2738959999,4835.20644064463,"eL6-2","4"
"11751x6498",11750.7689536509,6498.28820303258,"NPY","4"
"11748x5709",11747.5360841424,5709.43715210356,"VIP","4"
"11749x3000",11749.1786077348,2999.76786740331,"Oligo","4"
"11761x4453",11761.4560273697,4453.24880928423,"eL6-2","4"
"11793x79",11793.4553288616,78.5158375256195,"VIP","4"
"11824x1843",11824.244774638,1842.84872723027,"eL6-2","4"
"11815x1611",11815.0446641945,1610.95751957149,"Astro","4"
"11819x968",11818.9618520067,967.855699554069,"Smc","4"
"11838x4917",11837.6207685706,4917.14007819205,"eL6-2","4"
"11871x5050",11870.8213688485,5049.67892976589,"Astro","4"
"11894x5874",11894.3802090528,5874.15407284616,"Astro","4"
"11879x6101",11878.7274461706,6101.13770025136,"Reln","4"
"11870x6288",11870.0758075601,6288.31560137457,"eL6-2","4"
"11901x5185",11901.0356847454,5185.44381425027,"Lhx6","4"
"11882x3575",11882.1353205693,3575.19428862825,"Oligo","4"
"11925x1684",11924.886417312,1684.17998571978,"eL2/3","4"
"11960x2500",11959.5848992911,2499.61719365365,"Smc","4"
"11972x2572",11971.9768196987,2571.70713448183,"Oligo","4"
"11952x307",11952.1728645066,307.367728276878,"Smc","4"
"11984x6448",11983.6081714668,6448.33259377093,"eL6-1","4"
"11994x975",11994.2450512343,975.378143921751,"eL6-2","4"
"12017x701",12016.8259411362,701.056228610541,"Smc","4"
"12022x4721",12021.5533226581,4720.61697357886,"Smc","4"
"12042x6057",12042.2036234614,6057.10267520723,"eL6-2","4"
"12057x524",12056.637987013,524.464894480519,"Astro","4"
"12072x3534",12071.8696722373,3533.57649954657,"Astro","4"
"12051x2693",12051.1735041987,2692.63847095871,"SST","4"
"12067x2418",12067.0571226312,2418.29383576563,"Smc","4"
"12122x4307",12122.3585365854,4307.37213883677,"Smc","4"
"12119x6366",12119.0543027117,6366.12406613171,"eL6-2","4"
"12146x605",12146.0081419964,605.300005427998,"Astro","4"
"12151x4951",12150.6242188421,4950.57021577644,"Smc","4"
"12172x3256",12172.4923879777,3256.45829082634,"Astro","4"
"12178x1103",12178.0893845309,1102.97879440713,"Astro","4"
"12180x6042",12179.7131271155,6041.51891819431,"eL6-2","4"
"12173x6516",12173.2166743225,6516.28194763436,"eL6-1","4"
"12165x414",12165.2338716093,413.963805584281,"SST","4"
"12179x4203",12178.7198909123,4202.94096947304,"Oligo","4"
"12197x2880",12196.6051860649,2880.17581155978,"eL6-2","4"
"12234x921",12233.9408309579,921.046557830181,"Reln","4"
"12214x741",12213.7634867019,740.968156626111,"eL6-1","4"
"12235x4876",12234.8061995754,4876.05163481953,"Smc","4"
"12250x1559",12250.024013364,1558.51865385954,"Oligo","4"
"12260x3042",12259.7066062538,3041.69592213459,"Oligo","4"
"12271x4981",12271.1866179112,4981.38632281242,"Smc","4"
"12290x6336",12290.0951945967,6336.17211980291,"eL6-1","4"
"12276x51",12275.9066709636,50.6587818240412,"L5-1","4"
"12295x3331",12294.8079269939,3330.84486203359,"Endo","4"
"12261x1768",12260.9135882999,1768.33761329305,"SST","4"
