cell,label
1314x2162,1
1322x2289,1
1334x2116,1
1340x2200,1
1341x2251,1
1343x2208,1
1345x2177,1
1353x2119,1
1352x2218,1
1356x2125,1
1360x2220,1
1362x2238,1
1365x2290,1
1365x2274,1
1372x2131,1
1373x2216,1
1379x2250,1
1383x2224,1
1385x2138,1
1400x2232,1
1407x2146,1
1418x2148,1
1419x2241,1
1441x2239,1
1441x2192,1
1460x2274,1
1489x2274,1
1392x2192,1
1403x2262,1
1473x2163,1
1475x2238,1
1484x2296,1
1314x2145,1
1324x2260,1
1324x2191,1
1325x2184,1
1403x2206,1
1441x2220,1
1483x2234,1
1340x2114,1
1396x2282,1
1398x2142,1
1319x2156,1
1325x2138,1
1359x2128,1
1427x2162,1
1484x2175,1
1491x2183,1
1497x2286,1
1315x2346,1
1329x2444,1
1333x2423,1
1342x2428,1
1355x2315,1
1359x2452,1
1360x2470,1
1370x2481,1
1381x2432,1
1386x2490,1
1391x2360,1
1389x2431,1
1398x2461,1
1405x2397,1
1406x2450,1
1407x2327,1
1408x2480,1
1418x2405,1
1416x2488,1
1423x2453,1
1422x2495,1
1433x2328,1
1432x2414,1
1440x2353,1
1441x2427,1
1448x2404,1
1448x2416,1
1456x2432,1
1459x2422,1
1462x2361,1
1463x2334,1
1468x2377,1
1475x2402,1
1477x2459,1
1477x2321,1
1486x2451,1
1497x2425,1
1337x2399,1
1342x2336,1
1343x2376,1
1381x2387,1
1435x2361,1
1436x2481,1
1489x2334,1
1318x2419,1
1324x2353,1
1328x2369,1
1360x2392,1
1359x2432,1
1365x2332,1
1421x2326,1
1439x2407,1
1455x2459,1
1385x2408,1
1439x2491,1
1487x2437,1
1358x2368,1
1402x2378,1
1411x2424,1
1444x2385,1
1483x2479,1
1489x2379,1
1322x2620,1
1322x2649,1
1334x2634,1
1337x2573,1
1341x2631,1
1340x2663,1
1345x2607,1
1355x2663,1
1354x2579,1
1363x2690,1
1363x2620,1
1368x2544,1
1369x2558,1
1376x2544,1
1383x2695,1
1391x2678,1
1397x2534,1
1398x2690,1
1404x2610,1
1418x2548,1
1420x2674,1
1426x2648,1
1425x2585,1
1434x2568,1
1438x2618,1
1441x2680,1
1446x2564,1
1447x2657,1
1460x2646,1
1467x2693,1
1468x2550,1
1469x2671,1
1476x2661,1
1480x2568,1
1484x2600,1
1492x2552,1
1494x2679,2
1404x2599,1
1425x2639,1
1430x2540,1
1449x2674,1
1457x2583,1
1313x2693,1
1361x2581,1
1459x2692,1
1322x2535,1
1372x2609,1
1457x2519,1
1490x2590,1
1337x2550,1
1369x2585,1
1370x2518,1
1374x2538,1
1375x2633,1
1453x2632,1
1335x2530,1
1319x2808,1
1328x2857,1
1331x2747,1
1331x2876,1
1333x2890,1
1334x2899,1
1339x2771,1
1345x2832,1
1351x2888,1
1358x2830,1
1359x2820,1
1356x2761,1
1361x2770,1
1358x2787,1
1359x2719,1
1363x2729,1
1368x2803,1
1372x2792,1
1372x2886,1
1387x2832,1
1404x2761,1
1403x2800,1
1417x2897,1
1420x2809,1
1424x2830,1
1426x2857,1
1429x2740,1
1432x2775,1
1449x2768,1
1447x2805,1
1459x2862,1
1459x2897,1
1470x2893,1
1473x2737,1
1473x2778,1
1471x2717,1
1482x2851,1
1485x2830,1
1486x2882,1
1492x2894,1
1496x2727,2
1496x2819,2
1319x2751,1
1339x2814,1
1379x2870,1
1408x2812,1
1431x2878,1
1452x2840,1
1474x2873,1
1311x2828,1
1332x2713,1
1341x2716,1
1386x2825,1
1393x2884,1
1477x2805,1
1461x2744,1
1380x2809,1
1387x2725,1
1406x2720,1
1431x2733,1
1434x2895,1
1440x2862,1
1446x2781,1
1318x3010,1
1319x2969,1
1320x3035,1
1325x3038,1
1334x3086,1
1344x2913,1
1350x3037,1
1358x2950,1
1361x3052,1
1365x3017,1
1377x2972,1
1379x2934,1
1382x3027,1
1388x3078,1
1389x3065,1
1401x2943,1
1402x2978,1
1404x3093,1
1413x3071,1
1416x3052,1
1417x3009,1
1423x2999,1
1433x3003,1
1439x3009,1
1439x3061,1
1439x2960,1
1437x3092,2
1447x3001,1
1450x3087,2
1453x2976,1
1455x2943,1
1459x3007,1
1457x3050,1
1464x2972,1
1465x2918,1
1463x3071,2
1464x3055,2
1469x3024,2
1471x3022,2
1480x2951,2
1479x3050,2
1486x3094,2
1489x2970,2
1326x2992,1
1341x3028,1
1386x2985,1
1478x3005,2
1495x3032,2
1342x2982,1
1341x2946,1
1364x2966,1
1482x2937,2
1323x3047,1
1358x3076,1
1415x2972,1
1447x3026,1
1316x2989,1
1327x2925,1
1345x3047,1
1362x3005,1
1408x3068,1
1448x2929,1
1397x3027,1
1404x3004,1
1310x3157,1
1320x3158,1
1326x3211,1
1326x3177,1
1329x3131,1
1329x3224,1
1326x3201,1
1342x3232,1
1345x3243,1
1348x3157,1
1360x3199,1
1358x3253,1
1359x3208,1
1359x3282,1
1357x3167,1
1361x3241,1
1363x3276,1
1381x3267,1
1381x3170,1
1383x3193,1
1388x3149,1
1392x3295,1
1397x3203,1
1398x3120,1
1405x3156,1
1409x3223,3
1410x3178,1
1419x3118,1
1429x3114,1
1429x3192,3
1436x3271,3
1439x3219,3
1442x3291,3
1445x3134,1
1449x3220,3
1450x3271,3
1454x3236,3
1457x3269,3
1454x3168,1
1458x3135,1
1463x3265,3
1480x3261,3
1492x3233,3
1356x3268,1
1371x3298,1
1418x3255,3
1449x3289,3
1468x3159,1
1351x3196,1
1373x3205,1
1380x3203,1
1398x3254,3
1430x3175,1
1462x3239,3
1482x3277,3
1487x3283,3
1489x3258,3
1313x3137,1
1337x3263,1
1368x3176,1
1437x3232,3
1379x3259,1
1390x3168,1
1433x3206,3
1315x3441,3
1320x3324,3
1325x3331,3
1332x3355,3
1344x3320,3
1340x3422,3
1356x3372,3
1374x3438,3
1377x3489,3
1379x3417,3
1380x3368,3
1383x3471,3
1383x3349,3
1386x3337,3
1391x3453,3
1401x3439,3
1403x3411,3
1410x3358,3
1422x3334,3
1423x3364,3
1426x3420,3
1430x3449,3
1435x3358,3
1440x3347,3
1443x3448,3
1455x3463,3
1460x3488,3
1468x3437,3
1473x3408,3
1480x3435,3
1486x3380,3
1491x3344,3
1494x3438,3
1348x3366,3
1367x3475,3
1371x3370,3
1398x3326,3
1421x3402,3
1417x3469,3
1449x3424,3
1463x3408,3
1361x3428,3
1440x3493,3
1454x3337,3
1474x3444,3
1491x3392,3
1378x3451,3
1337x3356,3
1347x3336,3
1351x3445,3
1355x3360,3
1415x3436,3
1422x3453,3
1438x3324,3
1443x3320,3
1474x3416,3
1477x3353,3
1323x3675,3
1328x3651,3
1332x3674,3
1334x3561,3
1337x3598,3
1349x3586,3
1353x3662,3
1357x3644,3
1378x3658,3
1381x3611,3
1384x3683,3
1388x3676,3
1396x3522,3
1400x3536,3
1402x3637,3
1414x3615,3
1411x3554,3
1412x3638,3
1419x3550,3
1423x3568,3
1425x3614,3
1424x3521,3
1432x3543,3
1431x3635,3
1433x3604,3
1444x3645,3
1460x3567,3
1470x3640,3
1475x3677,3
1477x3700,3
1475x3520,3
1480x3657,3
1493x3555,3
1325x3698,3
1327x3572,3
1341x3689,3
1370x3682,3
1384x3573,3
1387x3564,3
1391x3644,3
1445x3695,3
1449x3667,3
1455x3659,3
1339x3574,3
1362x3578,3
1376x3686,3
1391x3690,3
1427x3660,3
1450x3561,3
1472x3575,3
1472x3555,3
1471x3535,3
1485x3642,3
1390x3533,3
1313x3678,3
1332x3611,3
1352x3649,3
1364x3597,3
1371x3589,3
1385x3631,3
1421x3697,3
1433x3525,3
1449x3601,3
1447x3582,3
1472x3588,3
1488x3568,3
1496x3676,3
1322x3718,3
1333x3847,3
1332x3748,3
1335x3828,3
1333x3869,3
1340x3821,3
1341x3721,3
1349x3800,3
1354x3829,3
1355x3762,3
1362x3781,3
1371x3816,3
1370x3749,3
1371x3798,3
1374x3846,3
1382x3727,3
1390x3867,3
1397x3818,3
1405x3786,3
1408x3771,3
1413x3758,3
1423x3716,3
1417x3728,3
1427x3868,3
1433x3820,3
1432x3893,3
1441x3722,3
1440x3751,3
1443x3871,3
1448x3882,3
1454x3791,3
1457x3781,3
1465x3841,3
1472x3766,3
1471x3792,3
1473x3742,3
1472x3867,3
1476x3786,3
1484x3783,3
1487x3825,3
1496x3827,3
1315x3874,3
1381x3849,3
1392x3753,3
1444x3827,3
1460x3760,3
1476x3760,3
1476x3893,3
1485x3734,3
1487x3716,3
1364x3713,3
1379x3803,3
1388x3889,3
1395x3803,3
1398x3889,3
1439x3851,3
1492x3780,3
1357x3742,3
1372x3733,3
1396x3832,3
1318x3838,3
1376x3717,3
1396x3848,3
1406x3816,3
1419x3779,3
1430x3822,3
1480x3713,3
1515x3722,3
1515x3773,3
1519x3854,3
1526x3868,3
1533x3744,3
1541x3822,4
1549x3876,4
1549x3849,4
1551x3733,3
1563x3885,4
1569x3771,3
1574x3863,4
1578x3776,3
1578x3765,3
1584x3877,4
1586x3733,3
1599x3800,4
1608x3834,4
1616x3763,4
1626x3838,4
1630x3880,4
1634x3814,4
1634x3863,4
1634x3803,4
1636x3766,4
1646x3721,4
1656x3886,4
1662x3824,4
1679x3721,4
1684x3741,4
1694x3882,4
1521x3754,3
1537x3776,3
1549x3756,3
1557x3821,4
1573x3892,4
1603x3817,4
1620x3897,4
1659x3851,4
1661x3865,4
1629x3768,4
1527x3729,3
1512x3859,3
1610x3744,4
1685x3892,4
1513x3645,3
1520x3558,3
1527x3565,3
1525x3663,3
1530x3608,3
1538x3632,3
1537x3649,3
1542x3695,3
1544x3534,3
1547x3567,3
1552x3606,3
1554x3676,3
1561x3663,3
1570x3605,3
1573x3555,3
1570x3690,3
1579x3620,3
1585x3640,3
1583x3538,3
1587x3522,3
1601x3552,3
1607x3692,3
1605x3617,3
1607x3534,3
1611x3657,3
1616x3579,3
1623x3619,3
1629x3559,3
1628x3698,4
1631x3530,3
1646x3544,3
1646x3516,3
1648x3616,3
1649x3678,4
1652x3651,4
1657x3513,3
1656x3690,4
1657x3611,3
1664x3609,3
1665x3591,3
1672x3594,3
1669x3632,4
1671x3662,4
1674x3528,3
1681x3658,4
1678x3579,3
1690x3553,3
1517x3579,3
1524x3643,3
1538x3617,3
1564x3519,3
1586x3612,3
1591x3648,3
1607x3598,3
1623x3674,3
1680x3555,3
1516x3688,3
1540x3674,3
1556x3641,3
1569x3540,3
1566x3634,3
1586x3573,3
1603x3548,3
1653x3553,3
1689x3547,3
1556x3616,3
1580x3578,3
1586x3633,3
1606x3560,3
1677x3609,3
1508x3579,3
1547x3518,3
1553x3549,3
1567x3582,3
1583x3566,3
1602x3568,3
1632x3579,3
1642x3589,3
1688x3541,3
1519x3333,3
1521x3342,3
1527x3486,3
1531x3395,3
1534x3454,3
1537x3350,3
1540x3498,3
1541x3368,3
1546x3331,3
1546x3478,3
1547x3492,3
1548x3384,3
1550x3366,3
1553x3424,3
1562x3323,3
1564x3494,3
1565x3364,3
1566x3423,3
1570x3413,3
1571x3466,3
1589x3321,3
1590x3466,3
1593x3452,3
1596x3435,3
1607x3328,3
1607x3314,3
1608x3352,3
1610x3429,3
1614x3482,3
1618x3384,3
1619x3454,3
1625x3371,3
1633x3324,3
1633x3420,3
1633x3481,3
1635x3462,3
1638x3487,3
1643x3413,3
1642x3398,3
1646x3454,3
1652x3419,3
1659x3497,3
1666x3336,3
1669x3376,3
1668x3406,3
1676x3321,3
1681x3355,3
1693x3363,3
1513x3472,3
1531x3433,3
1540x3325,3
1557x3447,3
1599x3494,3
1615x3407,3
1619x3468,3
1642x3350,3
1644x3441,3
1645x3376,3
1678x3494,3
1696x3486,3
1557x3399,3
1581x3470,3
1587x3368,3
1588x3381,3
1650x3371,3
1660x3366,3
1667x3456,3
1670x3414,3
1672x3472,3
1527x3416,3
1576x3437,3
1609x3454,3
1668x3367,3
1687x3320,3
1694x3445,3
1513x3435,3
1516x3373,3
1520x3360,3
1529x3386,3
1545x3469,3
1562x3347,3
1575x3400,3
1592x3476,3
1593x3416,3
1595x3406,3
1595x3446,3
1595x3387,3
1611x3359,3
1618x3364,3
1621x3425,3
1638x3439,3
1655x3326,3
1683x3345,3
1684x3401,3
1521x3259,3
1527x3182,3
1534x3135,2
1542x3251,3
1545x3191,3
1543x3265,3
1547x3225,3
1550x3171,3
1556x3147,3
1557x3249,3
1573x3144,3
1579x3213,3
1580x3259,3
1582x3235,3
1581x3117,2
1589x3136,3
1590x3179,3
1597x3215,3
1609x3207,3
1608x3276,3
1614x3156,3
1614x3117,3
1613x3191,3
1615x3258,3
1642x3200,3
1644x3287,3
1648x3241,3
1671x3202,3
1674x3288,3
1674x3177,3
1674x3132,3
1685x3246,3
1690x3183,3
1690x3275,3
1689x3281,3
1693x3142,3
1693x3222,3
1696x3124,3
1699x3195,3
1514x3275,3
1530x3201,3
1563x3159,3
1589x3285,3
1631x3138,3
1636x3265,3
1658x3230,3
1664x3159,3
1529x3221,3
1528x3118,2
1539x3242,3
1576x3185,3
1600x3226,3
1631x3156,3
1647x3217,3
1689x3292,3
1690x3165,3
1513x3223,3
1523x3202,3
1575x3230,3
1603x3211,3
1613x3287,3
1622x3253,3
1628x3281,3
1652x3192,3
1653x3180,3
1660x3272,3
1677x3237,3
1570x3216,3
1573x3208,3
1520x2997,2
1524x3080,2
1522x2982,2
1534x3055,2
1537x3072,2
1537x3051,2
1544x2981,2
1547x2990,2
1549x3095,2
1549x2929,2
1555x2953,2
1564x3005,2
1565x3070,2
1562x3051,2
1571x2935,2
1572x2948,2
1574x2956,2
1589x3074,2
1590x3086,2
1609x3072,2
1617x3002,2
1618x2918,2
1619x3038,2
1621x3087,2
1631x2997,2
1632x2970,2
1634x2944,2
1633x2956,2
1636x3082,2
1641x3056,2
1642x3020,2
1649x2985,2
1660x2959,2
1658x2996,2
1663x2927,2
1668x3082,3
1676x3041,2
1674x2925,2
1681x2999,2
1681x3057,3
1682x3016,2
1692x3021,2
1697x3018,2
1698x3081,3
1558x3081,2
1597x2984,2
1605x3022,2
1611x2957,2
1657x3097,3
1657x3010,2
1660x3069,3
1530x3032,2
1540x2971,2
1547x3071,2
1550x2919,2
1591x3038,2
1602x2947,2
1624x2987,2
1632x2937,2
1600x3068,2
1641x2912,2
1653x2931,2
1512x2737,2
1516x2770,2
1520x2809,2
1523x2776,2
1526x2892,2
1525x2747,2
1539x2768,2
1540x2856,2
1545x2802,2
1545x2832,2
1546x2753,2
1551x2820,2
1555x2735,2
1563x2845,2
1571x2835,2
1570x2790,2
1578x2755,2
1580x2866,2
1581x2888,2
1589x2810,2
1591x2836,2
1592x2899,2
1601x2734,2
1609x2899,2
1613x2831,2
1618x2839,2
1619x2811,2
1632x2895,2
1632x2830,2
1639x2816,2
1640x2730,2
1649x2821,2
1649x2844,2
1665x2870,2
1669x2721,2
1671x2834,2
1673x2763,2
1677x2881,2
1688x2756,2
1687x2777,2
1690x2840,2
1698x2767,2
1697x2838,2
1568x2816,2
1600x2876,2
1604x2782,2
1625x2765,2
1637x2781,2
1656x2804,2
1677x2898,2
1537x2837,2
1541x2867,2
1557x2757,2
1652x2768,2
1654x2823,2
1661x2856,2
1626x2795,2
1515x2812,2
1527x2799,2
1541x2789,2
1593x2829,2
1627x2724,2
1648x2733,2
1682x2869,2
1686x2733,2
1511x2561,1
1523x2630,2
1532x2534,1
1540x2661,2
1549x2653,2
1547x2617,2
1553x2643,2
1553x2571,1
1568x2543,2
1566x2677,2
1576x2635,2
1582x2660,2
1587x2687,2
1589x2517,2
1593x2650,2
1598x2597,2
1603x2612,2
1604x2626,2
1605x2689,2
1614x2590,2
1613x2692,2
1615x2681,2
1625x2663,2
1628x2638,2
1630x2604,2
1636x2579,2
1636x2592,2
1648x2564,2
1661x2668,2
1664x2612,2
1666x2538,2
1669x2631,2
1671x2575,2
1674x2649,2
1677x2600,2
1676x2518,2
1683x2530,2
1688x2622,2
1694x2647,2
1698x2612,2
1583x2629,2
1594x2559,2
1641x2680,2
1524x2544,1
1531x2626,2
1632x2612,2
1658x2582,2
1528x2665,2
1514x2533,1
1539x2689,2
1587x2592,2
1610x2571,2
1610x2661,2
1636x2647,2
1647x2622,2
1511x2443,1
1516x2481,1
1526x2390,1
1531x2408,1
1531x2352,1
1537x2425,1
1543x2388,1
1546x2316,1
1543x2372,1
1554x2471,1
1561x2446,1
1561x2350,1
1564x2344,1
1567x2397,1
1569x2365,1
1579x2484,1
1584x2455,1
1593x2381,1
1594x2474,1
1598x2395,1
1597x2353,1
1601x2403,1
1606x2447,1
1609x2382,1
1612x2494,1
1613x2471,1
1621x2434,1
1620x2413,1
1623x2479,1
1629x2426,1
1634x2384,1
1635x2354,1
1634x2390,1
1640x2418,1
1644x2429,1
1648x2315,1
1660x2358,1
1661x2347,1
1664x2335,1
1667x2429,1
1667x2369,1
1671x2394,1
1677x2492,1
1686x2351,1
1688x2389,1
1688x2452,1
1511x2366,1
1518x2456,1
1566x2410,1
1589x2428,1
1636x2425,1
1637x2377,1
1681x2467,1
1687x2431,1
1687x2375,1
1536x2445,1
1660x2325,1
1664x2380,1
1667x2400,1
1678x2326,1
1685x2321,1
1687x2481,1
1537x2494,1
1555x2488,1
1556x2402,1
1563x2384,1
1573x2395,1
1574x2403,1
1578x2375,1
1580x2405,1
1585x2387,1
1609x2363,1
1626x2488,1
1653x2496,1
1668x2449,1
1516x2206,1
1560x2297,1
1561x2252,1
1570x2301,1
1575x2164,1
1575x2242,1
1585x2274,1
1615x2251,1
1628x2205,1
1631x2269,1
1647x2177,1
1657x2233,1
1665x2294,1
1688x2285,1
1573x2119,1
1586x2213,1
1658x2200,1
1688x2257,1
1545x2284,1
1643x2199,1
1530x2228,1
1733x2182,1
1755x2231,1
1763x2285,1
1770x2272,1
1791x2247,1
1796x2210,1
1811x2231,1
1828x2212,1
1844x2218,1
1857x2270,1
1864x2235,1
1874x2294,1
1885x2261,1
1727x2256,1
1733x2261,1
1747x2279,1
1778x2204,1
1797x2274,1
1832x2236,1
1878x2248,1
1897x2268,1
1736x2253,1
1745x2193,1
1822x2291,1
1830x2264,1
1861x2225,1
1875x2271,1
1818x2249,1
1710x2471,1
1710x2369,1
1722x2495,2
1726x2313,1
1732x2437,1
1732x2405,1
1743x2470,1
1744x2398,1
1748x2484,1
1765x2351,1
1760x2399,1
1765x2479,1
1775x2436,1
1774x2329,1
1780x2413,1
1782x2403,1
1790x2381,1
1817x2325,1
1820x2481,1
1823x2424,1
1830x2450,1
1834x2422,1
1836x2457,1
1838x2449,1
1837x2335,1
1838x2476,1
1838x2434,1
1841x2318,1
1844x2467,1
1856x2421,1
1853x2458,1
1858x2369,1
1862x2326,1
1871x2488,2
1876x2377,1
1885x2366,1
1893x2500,2
1892x2457,1
1894x2318,1
1891x2492,2
1896x2341,1
1894x2411,1
1895x2437,1
1715x2444,1
1730x2426,1
1751x2323,1
1756x2375,1
1753x2387,1
1757x2418,1
1772x2452,1
1778x2485,1
1802x2457,1
1801x2334,1
1888x2482,2
1711x2389,1
1712x2357,1
1775x2395,1
1785x2493,1
1793x2432,1
1805x2352,1
1857x2487,2
1869x2391,1
1877x2400,1
1885x2375,1
1719x2433,1
1716x2369,1
1721x2425,1
1729x2413,1
1740x2391,1
1815x2466,1
1817x2458,1
1715x2456,1
1738x2320,1
1750x2365,1
1808x2323,1
1820x2491,1
1868x2433,1
1713x2667,2
1716x2516,2
1724x2616,2
1729x2648,2
1738x2524,2
1739x2653,2
1739x2572,2
1747x2517,2
1748x2600,2
1753x2620,2
1755x2557,2
1756x2655,2
1759x2645,2
1771x2567,2
1774x2637,2
1774x2660,2
1775x2585,2
1788x2645,2
1790x2670,2
1793x2597,2
1809x2581,2
1810x2588,2
1818x2532,2
1830x2681,2
1832x2651,2
1834x2584,2
1842x2615,2
1853x2599,2
1856x2673,2
1854x2542,2
1860x2614,2
1877x2611,2
1877x2568,2
1876x2652,2
1886x2537,2
1886x2652,2
1891x2631,2
1892x2564,2
1725x2596,2
1762x2623,2
1765x2603,2
1774x2687,2
1776x2629,2
1789x2544,2
1800x2548,2
1817x2606,2
1717x2671,2
1726x2632,2
1725x2643,2
1741x2556,2
1769x2588,2
1781x2544,2
1781x2598,2
1818x2633,2
1823x2575,2
1828x2597,2
1859x2576,2
1861x2556,2
1786x2522,2
1738x2633,2
1740x2539,2
1747x2667,2
1748x2546,2
1760x2562,2
1767x2524,2
1781x2589,2
1811x2552,2
1813x2659,2
1841x2533,2
1851x2681,2
1875x2593,2
1892x2529,2
1721x2846,2
1724x2720,2
1723x2806,2
1730x2845,2
1739x2874,2
1739x2888,2
1742x2835,2
1750x2777,2
1752x2897,2
1757x2872,2
1761x2847,2
1770x2761,2
1773x2821,2
1774x2834,2
1782x2885,2
1783x2855,2
1789x2775,2
1796x2835,2
1795x2774,2
1800x2867,2
1799x2718,2
1810x2735,2
1810x2719,2
1813x2765,2
1819x2758,2
1822x2743,2
1827x2895,2
1841x2875,2
1844x2796,2
1844x2787,2
1856x2876,2
1861x2847,2
1860x2730,2
1868x2848,2
1870x2791,2
1874x2860,2
1882x2754,2
1882x2730,2
1882x2798,2
1893x2871,2
1896x2841,2
1892x2845,2
1843x2889,2
1843x2845,2
1855x2806,2
1894x2892,2
1724x2729,2
1746x2857,2
1777x2749,2
1796x2796,2
1808x2891,2
1809x2852,2
1824x2876,2
1824x2823,2
1830x2727,2
1826x2718,2
1870x2768,2
1876x2719,2
1749x2812,2
1808x2728,2
1833x2892,2
1838x2801,2
1871x2753,2
1885x2876,2
1726x2773,2
1776x2864,2
1846x2761,2
1893x2868,2
1895x2807,2
1722x3094,3
1726x3016,2
1731x3057,3
1732x3089,3
1736x2997,2
1740x2970,2
1747x2957,2
1747x3068,3
1746x3057,3
1758x3030,2
1760x2953,2
1777x3081,3
1785x2916,2
1791x2951,2
1797x3095,3
1802x2926,2
1805x3061,2
1810x3008,2
1815x3088,3
1822x2938,2
1822x2982,2
1822x3009,2
1824x3031,2
1826x3060,2
1834x2952,2
1836x2942,2
1838x3042,2
1843x2975,2
1840x2990,2
1845x3028,2
1845x2955,2
1852x3026,2
1852x2966,2
1854x3093,5
1863x2931,2
1867x2975,2
1868x3098,5
1868x3018,2
1882x2922,2
1883x2987,2
1886x3002,2
1889x3060,5
1733x2921,2
1760x3012,2
1768x3064,3
1780x2956,2
1808x3018,2
1811x2959,2
1820x3000,2
1864x2948,2
1886x3029,5
1711x2955,2
1712x3076,3
1752x2950,2
1757x3078,3
1762x2934,2
1793x3062,2
1830x3071,2
1833x2934,2
1868x3089,5
1713x3004,2
1760x3059,3
1851x2996,2
1854x3056,2
1855x3005,2
1725x3035,2
1785x2932,2
1805x3004,2
1844x2932,2
1861x2975,2
1711x3299,3
1719x3131,3
1717x3293,3
1730x3286,3
1740x3271,3
1741x3183,3
1741x3142,3
1742x3293,3
1760x3222,3
1761x3172,3
1765x3293,3
1769x3270,3
1775x3205,3
1774x3278,3
1780x3248,3
1784x3222,3
1786x3156,3
1790x3251,3
1787x3275,3
1798x3245,3
1795x3148,3
1799x3185,3
1803x3201,3
1813x3266,3
1819x3178,3
1821x3266,3
1819x3225,3
1825x3135,3
1831x3155,3
1831x3204,3
1834x3231,3
1834x3109,3
1839x3187,3
1842x3132,3
1845x3216,3
1844x3259,3
1846x3174,3
1848x3203,3
1853x3114,3
1854x3286,3
1861x3235,3
1864x3135,3
1862x3172,3
1878x3226,3
1882x3186,3
1890x3189,3
1895x3229,3
1891x3212,3
1715x3266,3
1721x3171,3
1732x3242,3
1747x3217,3
1754x3140,3
1790x3127,3
1829x3245,3
1845x3284,3
1855x3202,3
1860x3206,3
1879x3293,3
1889x3151,3
1895x3135,3
1894x3142,3
1715x3206,3
1771x3251,3
1771x3119,3
1801x3147,3
1819x3160,3
1839x3237,3
1859x3141,3
1861x3112,3
1866x3256,3
1873x3160,3
1878x3274,3
1889x3171,3
1714x3226,3
1752x3198,3
1756x3144,3
1771x3138,3
1775x3198,3
1794x3195,3
1805x3298,3
1819x3190,3
1840x3242,3
1851x3167,3
1863x3233,3
1880x3190,3
1884x3240,3
1893x3115,5
1799x3218,3
1714x3331,3
1715x3316,3
1714x3420,3
1718x3383,3
1728x3372,3
1729x3492,3
1742x3371,3
1741x3460,3
1749x3437,3
1753x3346,3
1750x3408,3
1759x3425,3
1765x3444,3
1773x3369,3
1783x3402,3
1783x3462,3
1786x3321,3
1784x3445,3
1798x3358,3
1796x3459,3
1802x3388,3
1815x3381,3
1814x3455,3
1820x3357,3
1835x3448,3
1839x3326,3
1845x3441,3
1845x3389,3
1857x3483,5
1857x3341,3
1857x3462,5
1862x3353,3
1874x3331,3
1871x3400,3
1877x3380,3
1880x3440,5
1886x3466,5
1896x3327,3
1741x3352,3
1759x3452,3
1818x3315,3
1837x3429,3
1840x3474,5
1875x3391,3
1756x3328,3
1759x3357,3
1775x3345,3
1782x3377,3
1788x3421,3
1795x3480,3
1850x3384,3
1856x3325,3
1861x3419,3
1883x3358,3
1769x3410,3
1813x3397,3
1860x3471,5
1893x3480,5
1736x3429,3
1747x3328,3
1749x3473,3
1750x3481,3
1790x3313,3
1813x3365,3
1825x3419,3
1846x3322,3
1865x3460,5
1709x3672,4
1711x3622,4
1713x3593,4
1718x3639,4
1722x3578,3
1723x3687,4
1725x3599,4
1725x3647,4
1732x3604,4
1734x3613,4
1757x3626,4
1764x3672,4
1767x3625,4
1798x3624,5
1802x3688,4
1800x3534,5
1807x3594,5
1821x3594,5
1821x3571,5
1821x3544,5
1826x3619,5
1830x3585,5
1831x3679,5
1834x3665,5
1841x3612,5
1842x3569,5
1847x3635,5
1848x3547,5
1858x3623,5
1861x3578,5
1869x3693,5
1870x3678,5
1887x3589,5
1888x3639,5
1896x3699,5
1722x3610,4
1832x3656,5
1827x3519,5
1845x3584,5
1863x3630,5
1894x3610,5
1897x3604,5
1736x3690,4
1741x3671,4
1740x3541,3
1747x3543,3
1767x3599,5
1799x3671,4
1801x3641,5
1825x3626,5
1874x3669,5
1878x3689,5
1887x3658,5
1888x3540,5
1899x3550,5
1727x3561,3
1840x3534,5
1864x3561,5
1893x3557,5
1720x3811,4
1724x3832,4
1725x3711,4
1731x3743,4
1731x3784,4
1733x3840,4
1738x3845,4
1745x3850,4
1753x3819,4
1756x3807,4
1762x3842,4
1771x3897,4
1780x3816,4
1792x3781,4
1792x3854,4
1819x3828,4
1822x3786,4
1824x3818,4
1834x3729,4
1844x3828,4
1857x3803,4
1862x3753,4
1863x3864,6
1865x3827,6
1878x3728,4
1879x3794,4
1879x3823,6
1886x3848,6
1892x3752,4
1892x3879,6
1737x3882,4
1742x3767,4
1764x3860,4
1845x3894,6
1855x3886,6
1868x3723,4
1870x3769,4
1753x3845,4
1769x3742,4
1771x3862,4
1792x3740,4
1806x3724,4
1819x3770,4
1842x3820,4
1853x3893,6
1893x3763,4
1777x3769,4
1890x3723,4
1872x3713,4
1912x3740,4
1915x3876,6
1912x3719,4
1927x3729,4
1928x3780,4
1931x3799,4
1937x3767,4
1945x3872,6
1956x3741,4
1965x3809,6
1978x3716,4
1979x3784,6
1984x3894,6
2006x3719,4
2008x3812,6
2009x3891,6
2012x3772,6
2026x3861,6
2033x3782,6
2039x3794,6
2038x3726,4
2040x3819,6
2040x3843,6
2045x3830,6
2048x3886,6
2055x3853,6
2058x3882,6
2064x3814,6
2066x3849,6
2081x3729,6
1938x3850,6
1996x3873,6
2030x3719,4
2047x3751,6
2055x3751,6
2076x3757,6
2088x3841,6
1916x3815,6
1959x3877,6
1966x3843,6
1965x3878,6
1960x3790,6
2077x3823,6
2091x3863,6
2098x3840,6
1973x3862,6
2007x3829,6
2011x3851,6
2012x3871,6
2022x3790,6
2066x3895,6
2075x3877,6
2092x3882,6
1914x3686,5
1915x3637,5
1924x3519,5
1923x3664,5
1929x3689,5
1935x3622,5
1932x3544,5
1932x3665,5
1941x3568,5
1945x3689,5
1949x3682,5
1956x3517,5
1964x3696,5
1969x3551,5
1976x3638,5
1990x3561,5
1991x3596,5
1996x3648,5
1994x3638,5
2010x3606,5
2012x3533,5
2015x3557,5
2022x3686,4
2027x3529,5
2038x3658,4
2058x3534,5
2059x3690,6
2062x3572,7
2068x3694,6
2071x3645,7
2077x3597,7
2078x3579,7
2082x3603,7
2087x3538,5
2090x3631,7
2089x3616,7
2092x3589,7
2090x3577,7
2093x3600,7
1923x3554,5
1922x3544,5
1988x3651,5
2024x3622,5
2027x3611,5
2037x3574,5
1940x3532,5
1969x3662,5
1973x3675,5
2034x3527,5
2082x3640,7
1956x3543,5
1991x3610,5
1916x3657,5
2017x3576,5
1922x3356,5
1922x3325,5
1928x3409,5
1931x3431,5
1935x3401,5
1935x3336,5
1939x3471,5
1945x3447,5
1947x3361,5
1950x3496,5
1953x3416,5
1967x3366,5
1967x3443,5
1968x3459,5
1979x3319,5
1992x3403,5
1994x3467,5
1996x3383,5
2000x3411,5
2001x3500,5
2000x3432,5
2004x3438,5
2010x3479,5
2010x3332,5
2020x3454,5
2022x3460,5
2027x3355,5
2029x3494,5
2041x3333,5
2041x3392,5
2043x3367,5
2047x3495,5
2052x3373,5
2052x3464,5
2059x3440,5
2063x3418,5
2074x3434,5
2076x3350,5
2079x3410,5
2082x3491,5
2086x3371,5
2084x3348,5
2087x3412,5
2096x3489,5
2093x3398,5
1977x3385,5
1998x3348,5
2005x3339,5
2014x3472,5
2044x3375,5
2049x3353,5
1916x3470,5
1948x3426,5
1966x3490,5
1967x3428,5
1974x3402,5
1981x3457,5
1993x3358,5
2017x3327,5
2034x3336,5
2075x3383,5
1953x3337,5
1955x3478,5
1978x3464,5
2003x3373,5
2095x3444,5
1913x3197,5
1916x3223,5
1915x3268,5
1917x3150,5
1926x3123,5
1930x3174,5
1941x3135,5
1942x3263,5
1945x3218,5
1948x3184,5
1957x3116,5
1957x3244,5
1960x3152,5
1963x3232,5
1969x3204,5
1976x3154,5
1980x3181,5
1979x3254,5
1979x3285,5
1982x3239,5
1983x3265,5
1986x3159,5
1987x3193,5
1995x3157,5
1994x3220,5
1997x3210,5
2004x3232,5
2006x3282,5
2011x3254,5
2024x3171,5
2043x3259,5
2045x3179,5
2049x3126,5
2045x3159,5
2051x3205,5
2056x3143,5
2056x3224,5
2060x3249,5
2065x3192,5
2071x3118,5
2081x3138,5
2082x3148,5
2091x3160,5
2093x3195,5
2093x3224,5
1920x3230,5
1950x3257,5
1955x3171,5
2034x3211,5
2069x3281,5
2071x3171,5
2081x3254,5
1927x3153,5
1943x3292,5
2009x3175,5
2029x3272,5
2031x3236,5
2037x3124,5
2045x3248,5
1910x3177,5
1916x3163,5
1988x3168,5
1915x3255,5
1924x3292,5
1988x3217,5
1988x3150,5
2005x3124,5
2043x3141,5
2072x3187,5
2074x3139,5
2076x3223,5
2096x3185,5
1922x2970,2
1929x2968,2
1926x3053,5
1934x3086,5
1937x3054,5
1939x3026,5
1948x2988,2
1946x2936,2
1962x2939,2
1968x3075,5
1957x2952,2
1964x3045,5
1975x2984,2
1977x3058,5
1977x2989,2
1983x3048,5
1989x3076,5
1990x3088,5
1990x3016,5
1995x2998,2
2000x2939,2
2006x3063,5
2008x3018,2
2012x2922,2
2010x2973,2
2016x3064,5
2018x2934,2
2021x2963,2
2022x3072,5
2024x2995,2
2035x2936,2
2037x3027,5
2044x3038,5
2059x3007,2
2061x2939,2
2070x3048,5
2071x3091,5
2069x2917,2
2071x3055,5
2076x2967,2
2077x3024,5
2078x2979,2
2082x2990,2
2087x3097,5
2090x3005,2
2096x3090,5
2097x2957,2
2101x3042,5
1914x3076,5
1918x2956,2
1921x2994,2
1982x2979,2
2028x3080,5
1945x2959,2
1949x3040,5
2008x3089,5
2047x2912,2
2053x2962,2
2077x3007,2
1919x2927,2
2042x2978,2
2053x3074,5
2078x2985,2
1948x2917,2
1984x2960,2
1994x2953,2
1917x2744,2
1921x2810,2
1923x2823,2
1922x2849,2
1935x2878,2
1938x2873,2
1943x2795,2
1945x2846,2
1947x2755,2
1948x2820,2
1953x2786,2
1952x2798,2
1956x2877,2
1963x2813,2
1965x2871,2
1970x2846,2
1982x2753,2
1983x2721,2
1986x2835,2
1997x2774,2
1998x2717,2
2003x2790,2
2002x2894,2
2009x2877,2
2011x2885,2
2015x2719,2
2027x2860,2
2029x2726,2
2038x2795,2
2036x2748,2
2043x2862,2
2046x2881,2
2048x2890,2
2055x2831,2
2052x2805,2
2061x2733,2
2061x2751,2
2061x2858,2
2066x2865,2
2068x2781,2
2071x2894,2
2080x2823,2
2081x2847,2
2087x2753,0
2087x2810,2
2095x2744,0
1920x2875,2
1949x2836,2
1975x2894,2
1986x2731,2
2005x2755,2
2011x2750,2
2033x2813,2
2069x2772,2
2081x2803,2
2084x2890,2
1942x2764,2
1997x2881,2
2000x2818,2
2033x2790,2
2044x2772,2
1917x2820,2
2018x2859,2
2016x2741,2
2090x2764,0
1928x2887,2
2002x2858,2
2082x2878,2
2091x2782,2
2037x2738,2
1916x2535,2
1920x2679,2
1924x2543,2
1925x2528,2
1938x2564,2
1935x2669,2
1937x2545,2
1938x2593,2
1940x2653,2
1951x2563,2
1948x2582,2
1951x2519,2
1954x2670,2
1958x2612,2
1964x2586,2
1965x2574,2
1973x2692,2
1984x2538,0
1984x2556,0
1989x2622,2
1991x2609,2
1995x2670,2
1999x2645,2
2004x2606,2
2004x2515,0
2007x2557,0
2007x2545,0
2004x2693,2
2010x2671,2
2014x2533,0
2015x2628,2
2022x2520,0
2027x2697,2
2026x2592,2
2028x2651,2
2036x2532,0
2040x2687,2
2046x2513,0
2048x2593,0
2050x2550,0
2053x2616,0
2058x2632,0
2059x2641,0
2060x2595,0
2060x2519,0
2062x2610,0
2063x2672,0
2067x2582,0
2070x2558,0
2073x2543,0
2076x2676,0
2074x2568,0
2083x2622,0
2082x2595,0
2089x2649,0
2090x2668,0
2090x2534,0
2089x2570,0
2094x2638,0
2099x2541,0
1924x2599,2
1939x2637,2
1954x2540,2
1968x2628,2
1975x2682,2
2036x2517,0
2052x2569,0
2052x2652,0
2080x2513,0
2093x2606,0
1922x2517,2
1937x2613,2
1992x2584,2
1998x2608,2
2004x2593,2
2013x2637,2
2025x2564,0
2035x2676,2
2043x2572,0
2048x2526,0
2070x2634,0
1957x2601,2
1992x2646,2
2011x2556,0
2074x2654,0
1991x2535,0
2014x2665,2
2022x2581,2
2052x2636,0
2083x2696,0
1911x2430,1
1917x2438,1
1918x2484,2
1920x2429,1
1947x2366,1
1949x2447,1
1948x2333,1
1951x2455,1
1951x2388,1
1957x2494,2
1963x2452,1
1966x2351,1
1966x2403,1
1971x2379,1
1972x2317,0
1986x2345,0
1985x2486,2
1991x2325,0
1990x2431,1
1997x2359,0
2004x2380,0
2009x2396,1
2009x2482,0
2016x2327,0
2015x2471,0
2018x2491,0
2024x2454,0
2028x2377,0
2028x2350,0
2035x2460,0
2034x2331,0
2035x2446,0
2044x2398,0
2055x2425,0
2059x2391,0
2060x2494,0
2062x2333,0
2065x2450,0
2065x2472,0
2075x2412,0
2075x2373,0
2080x2488,0
2078x2457,0
2082x2421,0
2080x2398,0
2089x2467,0
2089x2479,0
2091x2364,7
2095x2488,0
2095x2441,0
1915x2322,1
1940x2463,1
1955x2331,0
1960x2424,1
1990x2453,1
2005x2414,1
2044x2443,0
2043x2436,0
2047x2408,0
2048x2475,0
2056x2323,0
2063x2351,0
2087x2437,0
1979x2417,1
1984x2364,0
2045x2380,0
2075x2439,0
2097x2424,0
1920x2394,1
1928x2392,1
1983x2387,0
2049x2494,0
2072x2376,0
1917x2369,1
1945x2401,1
1965x2327,0
2004x2426,1
2016x2449,0
2032x2421,0
2048x2346,0
2064x2415,0
2064x2480,0
1913x2218,0
1915x2268,0
1923x2277,0
1939x2259,0
1940x2279,0
1942x2221,0
1945x2234,0
1947x2258,0
1964x2257,0
1969x2293,0
1979x2240,0
1984x2284,0
1991x2256,0
2010x2270,0
2014x2299,0
2028x2284,0
2063x2291,0
2003x2282,0
1922x2249,0
1924x2241,0
1957x2223,0
1968x2239,0
1934x2222,0
1977x2295,0
2022x2278,0
2198x2248,0
2241x2234,0
2249x2264,0
2256x2294,0
2271x2283,0
2267x2259,0
2285x2259,0
2295x2273,0
2296x2227,0
2265x2270,0
2272x2249,0
2295x2234,0
2250x2290,0
2256x2255,0
2118x2493,0
2121x2438,7
2122x2453,7
2131x2485,7
2135x2498,7
2134x2473,7
2158x2419,7
2154x2433,7
2158x2411,7
2177x2449,7
2183x2432,0
2183x2450,7
2184x2441,7
2184x2462,0
2191x2468,0
2190x2378,0
2196x2372,0
2197x2494,0
2211x2454,0
2210x2335,0
2215x2325,0
2216x2362,0
2218x2456,0
2225x2492,0
2221x2481,0
2224x2337,0
2226x2461,0
2226x2374,0
2233x2414,0
2238x2396,0
2242x2444,0
2243x2477,0
2254x2440,0
2256x2321,0
2257x2406,0
2258x2465,0
2258x2455,0
2264x2371,0
2264x2469,0
2270x2381,0
2272x2403,0
2273x2441,0
2274x2456,0
2277x2331,0
2285x2350,0
2286x2472,0
2294x2487,2
2119x2421,7
2204x2395,0
2285x2405,0
2126x2475,7
2243x2380,0
2250x2363,0
2279x2417,0
2282x2422,0
2288x2376,0
2287x2337,0
2292x2452,0
2294x2363,0
2294x2342,0
2200x2477,0
2266x2311,0
2285x2430,0
2217x2394,0
2234x2382,0
2239x2329,0
2267x2346,0
2111x2540,0
2115x2577,0
2119x2664,0
2121x2638,0
2124x2630,0
2122x2674,0
2129x2659,0
2130x2515,7
2136x2509,7
2138x2513,7
2142x2600,0
2150x2536,7
2157x2540,7
2158x2533,7
2158x2601,7
2160x2570,7
2161x2551,7
2161x2665,7
2165x2655,7
2163x2639,7
2169x2666,7
2172x2557,7
2172x2686,7
2175x2669,7
2177x2531,7
2175x2526,7
2178x2583,7
2182x2623,7
2182x2650,7
2186x2643,7
2187x2598,0
2188x2634,7
2188x2661,7
2189x2687,7
2190x2543,0
2192x2520,0
2197x2695,7
2198x2598,0
2205x2631,0
2210x2617,0
2212x2675,0
2211x2554,0
2210x2527,0
2212x2642,0
2217x2520,0
2222x2600,0
2225x2577,0
2232x2533,0
2233x2661,0
2228x2631,0
2231x2573,0
2235x2691,0
2236x2623,0
2236x2561,0
2242x2672,0
2238x2516,0
2241x2594,0
2251x2669,0
2255x2544,0
2255x2573,0
2257x2584,0
2257x2650,2
2265x2622,2
2264x2634,2
2264x2525,2
2273x2515,2
2273x2672,0
2279x2651,2
2281x2673,2
2276x2576,2
2286x2626,2
2288x2524,2
2294x2555,2
2293x2573,2
2295x2598,2
2300x2560,2
2149x2643,0
2149x2650,0
2150x2561,7
2173x2581,7
2177x2517,7
2186x2696,7
2189x2675,7
2189x2561,0
2252x2610,0
2267x2695,0
2267x2600,2
2267x2547,2
2268x2558,2
2283x2553,2
2293x2682,2
2294x2583,2
2132x2540,0
2162x2542,7
2177x2617,7
2181x2631,7
2249x2536,0
2284x2580,2
2289x2700,2
2116x2523,0
2158x2615,7
2160x2623,7
2178x2603,7
2179x2612,7
2192x2522,0
2237x2645,0
2238x2633,0
2278x2610,2
2281x2609,2
2134x2591,0
2154x2651,0
2162x2560,7
2203x2516,0
2204x2569,0
2210x2629,0
2223x2561,0
2223x2521,0
2230x2549,0
2253x2516,2
2265x2673,0
2283x2606,2
2116x2841,0
2126x2787,0
2127x2797,0
2126x2730,0
2133x2823,0
2130x2741,0
2138x2756,0
2144x2772,0
2147x2898,0
2150x2839,0
2150x2779,0
2151x2883,0
2153x2827,0
2156x2759,0
2160x2809,0
2160x2831,0
2160x2790,0
2160x2853,0
2162x2874,0
2170x2740,7
2171x2849,0
2176x2751,7
2179x2784,7
2179x2861,7
2182x2800,7
2188x2751,7
2186x2819,7
2190x2713,7
2191x2836,7
2198x2714,7
2197x2768,7
2202x2789,7
2204x2718,7
2207x2781,7
2206x2881,7
2208x2818,7
2206x2892,7
2209x2860,7
2210x2851,7
2210x2833,7
2211x2827,7
2209x2843,7
2214x2867,7
2215x2751,0
2225x2718,0
2226x2773,0
2230x2781,0
2234x2766,0
2231x2712,0
2233x2879,0
2236x2830,0
2241x2898,0
2244x2860,0
2244x2871,0
2252x2853,0
2260x2793,0
2264x2844,0
2273x2767,0
2277x2833,0
2281x2852,2
2285x2712,2
2287x2862,2
2290x2745,2
2292x2731,2
2110x2787,2
2121x2741,0
2125x2808,0
2126x2813,0
2131x2867,0
2146x2853,0
2164x2847,0
2172x2756,7
2191x2731,7
2197x2781,7
2199x2775,7
2206x2798,7
2206x2808,7
2246x2834,0
2256x2878,0
2258x2886,0
2265x2856,0
2268x2731,0
2113x2886,0
2118x2730,0
2144x2805,0
2175x2719,7
2182x2864,7
2228x2871,0
2235x2838,0
2251x2797,0
2271x2824,0
2269x2889,0
2274x2876,2
2277x2895,0
2278x2800,0
2152x2744,0
2181x2877,7
2186x2888,7
2289x2893,2
2113x2832,0
2123x2765,0
2123x2783,0
2184x2847,7
2190x2738,7
2185x2856,7
2208x2727,0
2248x2737,0
2263x2741,0
2299x2893,2
2111x2958,2
2133x2930,0
2142x3007,0
2146x2949,0
2156x3030,0
2160x2926,0
2167x3008,0
2165x2947,0
2173x3035,0
2172x2991,0
2187x2924,7
2189x3015,7
2192x3090,7
2193x3043,7
2194x3034,7
2195x2959,7
2194x3074,7
2195x2977,7
2195x2997,7
2199x3003,7
2200x2923,7
2194x3054,7
2206x2934,7
2208x2927,7
2210x2970,7
2212x3049,7
2211x3020,7
2215x3013,7
2213x2962,7
2213x3076,7
2212x2991,7
2215x3095,7
2215x2999,7
2217x2993,7
2215x2953,7
2232x3088,0
2233x3069,0
2239x2953,0
2241x3002,0
2243x2945,0
2249x3030,0
2255x3018,2
2255x2983,0
2261x2991,0
2259x3090,0
2266x2980,0
2267x2940,2
2270x3064,0
2273x2920,2
2276x3101,0
2277x2948,2
2284x3041,0
2291x2961,2
2293x3005,2
2296x2970,2
2295x3070,0
2127x3047,5
2141x2983,0
2138x3080,0
2141x2973,0
2144x2966,0
2143x3094,0
2159x3076,0
2187x2948,7
2196x3014,7
2237x3017,0
2248x3057,0
2249x2935,0
2273x3080,0
2289x3054,0
2141x2998,0
2147x3050,0
2209x3061,7
2212x3069,7
2228x2933,0
2250x2980,0
2279x3027,0
2286x3090,0
2163x3080,0
2248x2925,0
2266x2999,2
2269x3050,0
2127x3268,5
2130x3140,5
2142x3248,5
2144x3271,5
2149x3169,5
2153x3229,5
2156x3208,5
2157x3194,5
2175x3128,0
2178x3193,5
2174x3156,5
2192x3243,7
2191x3164,7
2189x3267,7
2194x3254,7
2194x3280,7
2194x3145,7
2197x3203,7
2196x3219,7
2197x3241,7
2197x3228,7
2200x3284,7
2208x3296,7
2213x3261,7
2214x3113,7
2215x3289,7
2216x3222,7
2217x3142,7
2217x3161,7
2236x3241,0
2239x3267,5
2245x3148,0
2251x3139,0
2252x3232,5
2255x3160,0
2263x3214,0
2263x3263,5
2270x3231,5
2274x3143,5
2274x3121,0
2281x3261,5
2284x3151,5
2291x3120,0
2120x3252,5
2137x3118,0
2149x3268,5
2152x3153,5
2158x3116,0
2174x3175,5
2194x3134,7
2198x3119,7
2209x3271,7
2213x3247,7
2216x3149,7
2217x3234,7
2254x3171,0
2117x3285,5
2125x3260,5
2208x3286,7
2213x3124,7
2212x3132,7
2219x3173,7
2220x3181,7
2124x3218,5
2195x3176,7
2200x3185,7
2249x3195,0
2150x3176,5
2202x3242,7
2284x3177,5
2117x3325,5
2114x3353,5
2117x3490,5
2121x3381,5
2126x3341,5
2126x3467,5
2125x3448,5
2127x3439,5
2126x3491,5
2137x3421,5
2137x3451,5
2155x3444,7
2153x3492,7
2174x3465,7
2176x3439,7
2177x3429,7
2181x3495,7
2179x3418,7
2180x3446,7
2183x3459,7
2184x3407,7
2186x3487,7
2185x3372,7
2190x3397,7
2192x3339,7
2193x3382,7
2198x3372,7
2199x3352,7
2199x3363,7
2215x3322,7
2219x3351,7
2224x3356,7
2232x3370,7
2232x3406,7
2231x3382,7
2237x3376,7
2236x3390,7
2238x3431,7
2239x3456,7
2242x3385,7
2241x3414,7
2242x3444,7
2243x3397,7
2243x3465,7
2245x3342,5
2251x3357,5
2251x3473,7
2258x3476,7
2259x3455,5
2261x3336,5
2266x3495,7
2263x3483,7
2272x3326,5
2274x3373,5
2278x3310,5
2280x3334,5
2286x3498,5
2286x3435,5
2290x3401,5
2294x3366,5
2123x3428,5
2178x3477,7
2178x3350,7
2201x3355,7
2260x3392,5
2173x3390,7
2233x3328,5
2287x3365,5
2166x3380,7
2170x3381,7
2206x3320,7
2276x3398,5
2294x3343,5
2113x3553,7
2118x3603,7
2126x3673,7
2139x3562,7
2142x3515,7
2145x3540,7
2155x3575,7
2155x3587,7
2155x3598,7
2162x3602,7
2163x3557,7
2165x3640,7
2171x3560,7
2174x3644,7
2173x3569,7
2175x3528,7
2175x3578,7
2178x3512,7
2180x3651,7
2179x3587,7
2180x3520,7
2180x3537,7
2182x3551,7
2187x3563,7
2190x3529,7
2189x3548,7
2196x3599,7
2197x3550,7
2200x3563,7
2203x3586,7
2205x3571,7
2204x3613,7
2213x3606,7
2218x3591,7
2228x3592,7
2233x3637,7
2229x3574,7
2239x3582,7
2241x3519,7
2248x3581,7
2252x3617,7
2266x3524,7
2265x3533,7
2266x3551,7
2269x3673,7
2270x3661,7
2273x3685,7
2278x3580,7
2276x3663,7
2277x3593,7
2282x3561,7
2285x3588,7
2287x3599,7
2287x3578,7
2285x3631,7
2287x3562,7
2297x3538,5
2297x3653,7
2118x3578,7
2119x3590,7
2121x3570,7
2122x3521,5
2133x3570,7
2143x3531,7
2158x3517,7
2168x3530,7
2187x3581,7
2271x3545,7
2275x3560,7
2280x3570,7
2284x3623,7
2290x3610,7
2288x3617,7
2295x3624,7
2210x3589,7
2112x3875,6
2115x3725,7
2117x3836,6
2120x3732,7
2122x3741,7
2123x3789,7
2127x3743,7
2127x3758,7
2132x3787,7
2135x3848,6
2136x3822,6
2137x3766,7
2136x3753,7
2138x3793,7
2140x3841,6
2143x3774,7
2143x3751,7
2149x3806,7
2151x3892,6
2155x3751,7
2156x3807,7
2161x3882,6
2160x3757,7
2164x3839,6
2171x3898,6
2176x3809,7
2176x3890,6
2176x3790,7
2180x3781,7
2184x3840,6
2189x3792,7
2197x3792,7
2197x3810,7
2202x3763,7
2209x3856,6
2208x3873,6
2212x3893,6
2210x3769,7
2217x3791,7
2219x3761,7
2223x3790,7
2223x3775,7
2228x3749,7
2230x3895,6
2233x3855,6
2237x3754,7
2243x3795,6
2246x3753,7
2247x3874,6
2253x3850,6
2257x3749,7
2259x3810,6
2265x3831,6
2271x3769,6
2272x3741,7
2273x3851,6
2273x3730,7
2278x3777,6
2288x3789,6
2290x3737,7
2297x3852,6
2300x3871,6
2149x3816,6
2169x3767,7
2114x3711,7
2136x3878,6
2205x3801,7
2208x3779,7
2292x3881,6
2291x3844,6
2316x3744,6
2321x3717,6
2327x3873,6
2340x3721,4
2342x3813,6
2351x3872,6
2356x3829,6
2365x3808,6
2364x3871,6
2370x3851,6
2381x3722,4
2385x3878,6
2389x3741,4
2391x3715,4
2392x3863,6
2396x3770,6
2395x3882,6
2405x3711,4
2406x3896,6
2415x3819,6
2424x3825,6
2428x3794,6
2437x3712,4
2440x3755,4
2455x3811,6
2457x3884,6
2465x3757,4
2470x3837,6
2477x3728,4
2491x3839,6
2343x3786,6
2373x3768,6
2391x3804,6
2410x3870,6
2450x3899,6
2494x3811,6
2341x3798,6
2414x3718,4
2460x3859,6
2496x3886,6
2372x3862,6
2472x3794,6
2475x3825,6
2315x3806,6
2351x3878,6
2435x3747,4
2485x3798,6
2324x3599,5
2327x3577,5
2326x3655,4
2333x3564,5
2334x3536,5
2340x3662,4
2343x3693,4
2351x3633,4
2364x3584,5
2383x3610,4
2389x3523,5
2392x3691,4
2397x3657,4
2402x3637,4
2404x3551,5
2407x3628,4
2411x3538,5
2411x3635,4
2416x3636,4
2418x3512,5
2431x3610,4
2433x3521,5
2435x3540,5
2436x3551,5
2448x3603,4
2451x3538,5
2454x3642,4
2462x3660,4
2463x3582,4
2469x3625,4
2481x3673,4
2485x3619,4
2394x3664,4
2445x3580,4
2331x3584,5
2414x3616,4
2426x3641,4
2445x3642,4
2449x3694,4
2343x3575,5
2360x3569,5
2388x3682,4
2418x3539,5
2427x3661,4
2464x3611,4
2314x3420,5
2321x3472,5
2324x3480,5
2327x3397,5
2336x3383,5
2336x3332,5
2340x3402,5
2344x3341,5
2352x3350,5
2351x3377,5
2349x3323,5
2355x3342,5
2360x3336,5
2360x3435,5
2366x3375,5
2376x3373,5
2380x3337,5
2386x3369,5
2384x3415,5
2387x3441,5
2389x3487,5
2403x3385,5
2404x3407,5
2402x3322,5
2403x3472,5
2407x3491,5
2416x3439,5
2418x3453,5
2423x3402,5
2427x3330,5
2436x3468,5
2438x3488,5
2440x3482,5
2440x3392,5
2440x3456,5
2444x3423,5
2458x3409,5
2467x3387,5
2466x3351,5
2470x3475,5
2472x3376,5
2477x3497,5
2483x3493,5
2487x3340,5
2487x3464,5
2314x3382,5
2319x3366,5
2336x3362,5
2370x3318,5
2376x3316,5
2381x3495,5
2456x3491,5
2494x3374,5
2315x3318,5
2357x3406,5
2371x3452,5
2394x3467,5
2457x3423,5
2457x3434,5
2462x3443,5
2491x3316,5
2389x3333,5
2397x3422,5
2401x3356,5
2403x3349,5
2420x3461,5
2434x3329,5
2376x3402,5
2401x3458,5
2453x3397,5
2453x3314,5
2496x3352,5
2319x3267,5
2319x3236,5
2322x3289,5
2324x3215,5
2331x3232,5
2340x3155,5
2341x3207,5
2344x3252,5
2348x3283,5
2351x3222,5
2358x3184,5
2360x3261,5
2372x3233,5
2370x3300,5
2371x3120,5
2378x3178,5
2381x3223,5
2389x3299,5
2388x3162,5
2389x3277,5
2398x3121,5
2401x3177,5
2412x3207,5
2415x3169,5
2416x3277,5
2423x3225,5
2426x3261,5
2425x3208,5
2436x3182,5
2437x3194,5
2438x3284,5
2444x3240,5
2445x3207,5
2446x3219,5
2447x3141,5
2450x3175,5
2452x3265,5
2455x3135,5
2459x3183,5
2465x3131,5
2477x3192,5
2478x3138,5
2482x3113,2
2486x3249,5
2486x3225,5
2487x3257,5
2495x3116,2
2495x3195,5
2501x3262,5
2325x3252,5
2366x3275,5
2376x3243,5
2378x3128,5
2389x3245,5
2404x3240,5
2411x3262,5
2433x3152,5
2447x3197,5
2461x3221,5
2463x3230,5
2463x3288,5
2478x3229,5
2480x3155,5
2364x3232,5
2444x3257,5
2496x3159,5
2374x3180,5
2356x3141,5
2362x3283,5
2424x3244,5
2486x3264,5
2435x3227,5
2314x3057,5
2314x3038,0
2315x3099,5
2318x2944,2
2317x3021,2
2327x3047,5
2334x3057,5
2345x3038,2
2350x3057,5
2353x2998,2
2365x3083,5
2365x2930,2
2369x3036,2
2367x3001,2
2384x3090,5
2389x2975,2
2391x3096,5
2401x3087,5
2405x2990,2
2410x2921,2
2410x3012,2
2412x2962,2
2422x3067,2
2424x3035,2
2431x3017,2
2442x3048,2
2441x2989,2
2446x3067,2
2451x3033,2
2453x2946,2
2454x3048,2
2458x2943,2
2466x2992,2
2467x3091,2
2468x2921,2
2473x2972,2
2474x2950,2
2476x2990,2
2490x3011,2
2495x3068,2
2326x2996,2
2335x3092,5
2340x2976,2
2342x2992,2
2370x2982,2
2379x3015,2
2386x3012,2
2401x3042,2
2419x2982,2
2452x3020,2
2474x3073,2
2491x3088,2
2344x3013,2
2385x2991,2
2401x2915,2
2403x3060,2
2410x2950,2
2416x3032,2
2451x2975,2
2483x2963,2
2489x3033,2
2349x2914,2
2443x2916,2
2458x3075,2
2481x2942,2
2326x3026,2
2354x2934,2
2359x2940,2
2407x2997,2
2480x3030,2
2489x2923,2
2315x2754,2
2323x2822,0
2329x2875,2
2330x2825,0
2332x2790,2
2341x2858,2
2340x2755,2
2345x2780,2
2345x2878,2
2346x2754,2
2346x2853,2
2348x2728,2
2347x2834,2
2354x2838,2
2358x2748,2
2360x2727,2
2361x2864,2
2368x2880,2
2370x2819,2
2372x2786,2
2375x2850,2
2376x2755,2
2379x2717,2
2382x2864,2
2385x2887,2
2383x2766,2
2384x2777,2
2399x2756,2
2408x2783,2
2407x2732,2
2406x2887,2
2413x2759,2
2414x2869,2
2422x2781,2
2422x2864,2
2430x2742,2
2434x2722,2
2438x2848,2
2441x2763,2
2442x2892,2
2443x2808,2
2444x2784,2
2447x2751,2
2455x2817,2
2454x2833,2
2460x2764,2
2464x2853,2
2461x2746,2
2469x2734,2
2465x2811,2
2470x2834,2
2472x2807,2
2473x2775,2
2474x2749,2
2476x2737,2
2482x2760,2
2484x2837,2
2486x2856,2
2334x2808,2
2335x2725,2
2369x2830,2
2391x2829,2
2392x2751,2
2408x2748,2
2434x2734,2
2437x2830,2
2456x2727,2
2454x2879,2
2497x2753,2
2317x2728,2
2331x2894,2
2328x2775,2
2335x2888,2
2335x2761,2
2353x2796,2
2373x2722,2
2389x2804,2
2407x2848,2
2419x2900,2
2418x2800,2
2422x2835,2
2431x2780,2
2443x2796,2
2469x2884,2
2467x2889,2
2332x2751,2
2389x2853,2
2397x2722,2
2405x2891,2
2375x2807,2
2398x2896,2
2413x2714,2
2422x2816,2
2427x2838,2
2454x2866,2
2476x2801,2
2484x2733,2
2485x2803,2
2309x2694,2
2315x2608,2
2315x2619,2
2317x2690,2
2322x2590,2
2333x2655,2
2334x2640,2
2338x2701,2
2342x2638,2
2345x2651,2
2340x2610,2
2349x2535,2
2356x2589,2
2355x2674,2
2358x2607,2
2358x2580,2
2357x2550,2
2364x2637,2
2365x2626,2
2366x2668,2
2370x2540,2
2376x2599,2
2377x2558,2
2378x2611,2
2377x2550,2
2387x2535,2
2392x2573,2
2393x2683,2
2402x2575,2
2402x2516,2
2410x2554,2
2420x2572,2
2423x2607,2
2433x2523,2
2440x2619,2
2442x2582,2
2438x2536,2
2443x2645,2
2448x2558,2
2447x2680,2
2452x2564,2
2455x2546,2
2471x2559,2
2472x2681,2
2475x2569,2
2471x2657,2
2475x2648,2
2478x2583,2
2482x2664,2
2499x2513,2
2309x2559,2
2316x2577,2
2324x2541,2
2318x2566,2
2351x2561,2
2367x2661,2
2394x2637,2
2397x2661,2
2415x2536,2
2422x2670,2
2443x2664,2
2438x2547,2
2445x2512,2
2465x2677,2
2328x2677,2
2336x2577,2
2344x2667,2
2369x2697,2
2372x2595,2
2379x2579,2
2395x2566,2
2399x2611,2
2407x2686,2
2406x2641,2
2413x2578,2
2420x2650,2
2422x2628,2
2426x2658,2
2463x2639,2
2334x2695,2
2364x2577,2
2410x2598,2
2421x2594,2
2484x2605,2
2486x2628,2
2490x2604,2
2345x2555,2
2363x2689,2
2370x2647,2
2425x2515,2
2426x2585,2
2437x2698,2
2460x2537,2
2463x2612,2
2492x2536,2
2496x2550,2
2496x2523,2
2501x2555,2
2312x2353,0
2321x2426,1
2323x2483,2
2321x2341,0
2324x2450,0
2330x2399,1
2332x2469,2
2332x2320,0
2336x2370,1
2339x2385,1
2339x2419,1
2345x2334,0
2352x2402,1
2355x2375,1
2357x2448,2
2356x2320,0
2361x2325,0
2363x2345,1
2374x2426,2
2385x2324,1
2385x2484,2
2386x2353,1
2388x2470,2
2390x2457,2
2391x2412,2
2401x2392,1
2399x2361,1
2410x2390,1
2408x2463,2
2410x2339,1
2412x2317,1
2414x2493,2
2425x2370,1
2427x2446,2
2433x2467,2
2435x2485,2
2439x2373,1
2449x2480,2
2448x2437,2
2456x2357,1
2459x2453,2
2462x2413,1
2468x2389,1
2473x2453,2
2473x2469,2
2482x2436,2
2482x2362,1
2489x2464,2
2487x2449,2
2493x2400,1
2494x2317,1
2493x2374,1
2354x2468,2
2370x2442,2
2394x2445,2
2396x2421,2
2409x2365,1
2421x2347,1
2437x2432,2
2441x2411,1
2444x2401,1
2475x2319,1
2336x2316,0
2340x2447,2
2347x2344,0
2362x2376,1
2415x2438,2
2490x2339,1
2371x2395,1
2420x2484,2
2454x2349,1
2486x2323,1
2316x2364,1
2407x2422,2
2411x2479,2
2434x2455,2
2452x2341,1
2475x2347,1
2318x2238,0
2317x2273,0
2319x2265,0
2317x2282,0
2332x2277,0
2333x2297,0
2342x2279,0
2341x2247,0
2352x2227,0
2352x2300,0
2353x2286,0
2383x2238,1
2382x2284,0
2389x2217,0
2393x2276,0
2401x2269,0
2407x2280,0
2416x2223,1
2426x2273,0
2436x2276,0
2444x2189,1
2453x2197,1
2473x2250,1
2488x2197,1
2487x2268,1
2321x2227,0
2399x2244,1
2413x2252,1
2414x2206,1
2450x2260,1
2477x2276,1
2381x2292,0
2321x2256,0
2361x2259,0
2514x2245,1
2521x2289,1
2527x2245,1
2527x2267,1
2532x2241,1
2551x2231,1
2552x2286,1
2563x2287,1
2569x2171,1
2574x2296,1
2576x2228,1
2586x2297,1
2589x2158,1
2596x2223,1
2605x2167,1
2607x2219,1
2612x2288,1
2624x2197,1
2626x2262,1
2633x2238,1
2632x2273,1
2635x2227,1
2644x2227,1
2650x2180,1
2658x2272,1
2685x2170,1
2694x2252,1
2695x2175,1
2572x2269,1
2645x2218,1
2652x2249,1
2659x2153,1
2655x2196,1
2666x2269,1
2688x2194,1
2531x2210,1
2543x2242,1
2588x2226,1
2695x2144,1
2530x2194,1
2586x2253,1
2608x2297,1
2677x2203,1
2521x2476,1
2523x2359,1
2531x2342,1
2536x2386,1
2544x2321,1
2548x2425,1
2550x2497,1
2553x2372,1
2555x2411,1
2554x2418,1
2558x2458,1
2557x2472,1
2564x2455,1
2567x2483,1
2568x2315,1
2577x2397,1
2580x2495,1
2588x2363,1
2588x2342,1
2598x2485,1
2602x2376,1
2600x2389,1
2602x2421,1
2608x2351,1
2611x2408,1
2613x2371,1
2626x2394,1
2635x2423,1
2635x2454,1
2638x2321,1
2645x2465,1
2663x2428,1
2666x2446,1
2667x2315,1
2678x2470,1
2684x2342,1
2689x2359,1
2688x2437,1
2694x2453,1
2517x2458,1
2527x2450,1
2548x2447,1
2571x2383,1
2585x2471,1
2588x2330,1
2596x2336,1
2604x2436,1
2609x2378,1
2672x2446,1
2514x2393,1
2565x2356,1
2605x2359,1
2635x2412,1
2535x2363,1
2544x2368,1
2622x2325,1
2528x2334,1
2548x2351,1
2551x2391,1
2636x2469,1
2641x2380,1
2680x2403,1
2514x2517,2
2516x2536,2
2519x2595,2
2520x2648,2
2520x2666,2
2524x2564,2
2538x2592,2
2544x2629,2
2553x2565,1
2556x2670,2
2560x2528,1
2569x2661,2
2576x2685,2
2583x2518,1
2581x2540,1
2587x2549,1
2586x2586,2
2593x2656,2
2595x2671,2
2600x2684,2
2600x2514,1
2604x2611,2
2613x2632,2
2617x2602,2
2613x2645,2
2619x2550,1
2622x2682,2
2629x2527,1
2630x2608,2
2635x2635,2
2659x2675,2
2661x2613,2
2658x2551,1
2666x2547,1
2666x2629,2
2673x2529,1
2675x2621,2
2695x2531,1
2694x2638,2
2513x2557,2
2519x2614,2
2520x2637,2
2540x2686,2
2584x2567,1
2613x2670,2
2691x2569,2
2574x2602,2
2581x2595,2
2599x2690,2
2648x2628,2
2648x2583,1
2658x2652,2
2672x2588,1
2556x2651,2
2520x2688,2
2534x2604,2
2562x2692,2
2642x2564,1
2648x2514,1
2650x2597,1
2667x2556,1
2543x2549,1
2549x2546,1
2644x2613,2
2512x2852,2
2519x2839,2
2521x2766,2
2528x2808,2
2527x2749,2
2537x2750,2
2537x2867,2
2541x2795,2
2554x2887,2
2557x2789,2
2557x2759,2
2570x2841,2
2574x2792,2
2581x2762,2
2581x2863,2
2599x2851,2
2596x2782,2
2609x2751,2
2609x2770,2
2629x2784,2
2628x2769,2
2647x2725,2
2659x2849,2
2665x2723,2
2671x2801,2
2674x2791,2
2682x2823,2
2681x2847,2
2687x2811,2
2578x2814,2
2580x2737,2
2584x2840,2
2587x2818,2
2601x2718,2
2606x2878,2
2646x2789,2
2644x2823,2
2652x2777,2
2655x2805,2
2655x2841,2
2664x2885,2
2670x2875,2
2523x2849,2
2531x2728,2
2532x2814,2
2551x2850,2
2554x2767,2
2575x2808,2
2581x2886,2
2590x2745,2
2600x2841,2
2621x2894,2
2622x2727,2
2623x2845,2
2679x2773,2
2666x2827,2
2521x2807,2
2548x2891,2
2563x2823,2
2565x2739,2
2570x2722,2
2605x2742,2
2620x2831,2
2629x2737,2
2627x2796,2
2511x3095,2
2512x3083,2
2513x2944,2
2515x2993,2
2518x2914,2
2521x3026,2
2525x3060,2
2529x2999,2
2534x2940,2
2537x3081,2
2540x3047,2
2547x2988,2
2545x2972,2
2549x3020,2
2551x3000,2
2554x2957,2
2556x3045,2
2557x2933,2
2563x2923,2
2560x3068,2
2560x3094,2
2567x2944,2
2576x2973,2
2581x3029,2
2581x3060,2
2583x2914,2
2584x3040,2
2586x3075,2
2596x3050,2
2600x3072,2
2609x2923,2
2617x3096,2
2619x3049,2
2622x2985,2
2624x2948,2
2628x2960,2
2630x3011,2
2638x2922,2
2642x3003,2
2643x3044,2
2645x3058,2
2655x3038,2
2654x3089,2
2659x2961,2
2665x2989,2
2665x2999,2
2679x3089,2
2680x2951,2
2685x3071,2
2686x2965,2
2689x2976,2
2686x3039,2
2697x3052,2
2541x3059,2
2565x3015,2
2585x3092,2
2604x2950,2
2609x2983,2
2611x3061,2
2676x3017,2
2513x2932,2
2530x2980,2
2638x2990,2
2694x2931,2
2560x3005,2
2584x3016,2
2611x2943,2
2652x3024,2
2518x3014,2
2532x2953,2
2560x2951,2
2566x3090,2
2589x2937,2
2613x3018,2
2622x3080,2
2689x2913,2
2668x3067,2
2674x3075,2
2519x3270,5
2519x3182,5
2537x3231,5
2542x3274,5
2541x3222,5
2541x3184,2
2542x3130,2
2559x3219,5
2560x3287,5
2564x3150,2
2569x3194,2
2569x3121,2
2571x3162,2
2584x3224,3
2583x3244,3
2589x3270,3
2590x3146,2
2594x3207,3
2601x3287,3
2603x3249,3
2608x3256,3
2612x3162,3
2612x3197,3
2623x3209,3
2624x3118,2
2629x3242,3
2635x3185,3
2638x3247,3
2639x3234,3
2641x3211,3
2646x3296,3
2650x3210,3
2652x3132,3
2653x3157,3
2665x3157,3
2675x3213,3
2682x3297,3
2683x3243,3
2692x3292,3
2692x3155,3
2692x3193,3
2696x3210,3
2696x3168,3
2696x3278,3
2697x3233,3
2533x3197,5
2567x3276,5
2577x3118,2
2617x3271,3
2536x3218,5
2538x3156,2
2542x3296,5
2576x3141,2
2599x3152,2
2635x3166,3
2639x3140,3
2652x3250,3
2658x3182,3
2666x3271,3
2669x3147,3
2675x3173,3
2677x3128,3
2558x3142,2
2559x3170,2
2610x3230,3
2629x3291,3
2548x3136,2
2572x3170,2
2638x3155,3
2656x3222,3
2659x3281,3
2661x3213,3
2672x3277,3
2677x3189,3
2692x3253,3
2515x3426,5
2515x3493,5
2516x3366,5
2527x3492,5
2529x3363,5
2528x3342,5
2526x3388,5
2530x3459,5
2538x3385,5
2539x3477,5
2549x3490,5
2566x3387,5
2563x3478,5
2562x3347,5
2577x3344,5
2587x3382,5
2589x3401,5
2599x3424,5
2600x3357,5
2603x3408,5
2606x3444,5
2610x3484,5
2618x3476,5
2622x3417,5
2627x3421,5
2632x3315,3
2631x3442,5
2635x3451,5
2636x3337,3
2639x3480,5
2640x3370,3
2641x3424,5
2646x3325,3
2651x3353,3
2653x3481,3
2660x3321,3
2660x3493,3
2659x3419,3
2663x3463,3
2666x3386,3
2675x3450,3
2678x3421,3
2678x3346,3
2679x3409,3
2681x3359,3
2681x3322,3
2687x3364,3
2696x3416,3
2515x3460,5
2527x3476,5
2564x3424,5
2567x3435,5
2606x3366,5
2645x3397,3
2663x3336,3
2510x3312,5
2528x3423,5
2557x3382,5
2593x3476,5
2606x3374,5
2613x3316,3
2618x3400,5
2631x3430,5
2652x3459,3
2673x3478,3
2533x3494,5
2572x3482,5
2584x3442,5
2595x3328,5
2691x3395,3
2544x3396,5
2567x3320,5
2576x3422,5
2613x3324,3
2617x3408,5
2618x3341,3
2696x3356,3
2511x3591,4
2514x3575,4
2520x3648,4
2530x3592,4
2546x3587,4
2564x3649,4
2565x3553,4
2573x3584,4
2575x3683,4
2576x3699,4
2581x3662,4
2588x3552,4
2601x3656,4
2603x3619,4
2607x3673,4
2608x3634,4
2616x3540,4
2623x3693,4
2623x3612,4
2627x3659,4
2630x3644,4
2635x3585,4
2653x3695,4
2662x3524,4
2674x3568,4
2679x3678,4
2685x3602,4
2688x3580,4
2686x3660,4
2689x3515,3
2547x3625,4
2571x3624,4
2584x3683,4
2597x3541,4
2627x3571,4
2516x3532,5
2527x3637,4
2582x3607,4
2650x3578,4
2660x3582,4
2691x3646,4
2665x3599,4
2519x3687,4
2549x3681,4
2511x3868,6
2516x3882,6
2520x3768,6
2520x3845,6
2530x3871,6
2537x3889,6
2534x3827,4
2540x3876,6
2550x3786,6
2551x3850,4
2563x3727,4
2570x3896,4
2577x3787,4
2583x3860,4
2585x3893,4
2589x3869,4
2592x3727,4
2596x3750,4
2601x3756,4
2604x3801,4
2607x3776,4
2612x3754,4
2612x3744,4
2617x3844,4
2617x3731,4
2621x3857,4
2628x3835,4
2641x3770,4
2642x3792,4
2650x3821,4
2654x3889,4
2653x3783,4
2671x3828,4
2680x3761,4
2682x3771,4
2690x3825,4
2546x3769,6
2546x3727,4
2553x3728,4
2558x3831,4
2575x3777,4
2627x3800,4
2513x3754,4
2516x3805,6
2546x3815,6
2620x3785,4
2643x3762,4
2674x3898,4
2678x3743,4
2694x3720,4
2521x3864,6
2693x3889,4
2551x3799,6
2553x3900,4
2612x3766,4
2723x3823,4
2726x3832,4
2729x3840,4
2742x3822,4
2749x3764,4
2756x3798,4
2760x3833,4
2765x3844,4
2773x3892,4
2775x3820,4
2789x3749,4
2789x3850,4
2805x3829,3
2809x3815,4
2811x3880,4
2814x3854,4
2819x3756,4
2821x3862,4
2822x3722,4
2824x3734,4
2838x3754,3
2842x3870,3
2844x3734,3
2847x3855,4
2852x3879,4
2854x3799,3
2858x3788,3
2858x3736,3
2869x3737,3
2870x3871,3
2879x3786,3
2890x3855,3
2891x3896,3
2893x3807,3
2896x3742,3
2897x3862,3
2749x3877,4
2817x3835,4
2831x3788,4
2843x3784,3
2845x3846,4
2722x3817,4
2782x3864,4
2802x3881,4
2805x3801,4
2820x3809,4
2889x3844,3
2892x3888,3
2803x3722,4
2807x3839,4
2877x3740,3
2711x3651,4
2714x3601,4
2715x3570,4
2717x3548,4
2718x3643,4
2737x3529,3
2742x3563,4
2747x3634,4
2750x3667,4
2765x3582,3
2777x3689,4
2778x3645,4
2783x3570,3
2787x3551,3
2801x3667,4
2823x3593,3
2826x3577,3
2831x3543,3
2833x3586,3
2841x3544,3
2851x3546,3
2852x3591,3
2849x3562,3
2852x3667,3
2861x3537,3
2865x3610,3
2868x3560,3
2869x3665,3
2874x3593,3
2881x3515,3
2882x3548,3
2887x3686,3
2890x3647,3
2890x3559,3
2891x3698,3
2889x3659,3
2893x3589,3
2723x3621,4
2744x3654,4
2783x3544,3
2785x3675,4
2815x3524,3
2856x3649,3
2876x3608,3
2724x3594,4
2731x3512,3
2737x3654,4
2791x3584,3
2797x3632,4
2842x3616,3
2849x3617,3
2859x3576,3
2884x3633,3
2859x3657,3
2895x3635,3
2800x3557,3
2813x3559,3
2886x3590,3
2715x3414,3
2720x3447,3
2728x3331,3
2730x3315,3
2737x3434,3
2743x3394,3
2743x3368,3
2743x3447,3
2747x3327,3
2750x3313,3
2763x3479,3
2764x3410,3
2766x3398,3
2768x3446,3
2769x3321,3
2772x3329,3
2772x3468,3
2780x3345,3
2781x3486,3
2786x3392,3
2793x3365,3
2791x3462,3
2799x3327,3
2803x3458,3
2809x3482,3
2813x3372,3
2812x3386,3
2819x3394,3
2817x3329,3
2818x3351,3
2835x3448,3
2833x3426,3
2834x3334,3
2843x3414,3
2843x3401,3
2846x3369,3
2855x3406,3
2856x3354,3
2872x3400,3
2881x3338,3
2880x3492,3
2883x3371,3
2881x3465,3
2884x3325,3
2767x3431,3
2778x3384,3
2791x3481,3
2795x3404,3
2805x3313,3
2812x3360,3
2839x3467,3
2853x3415,3
2867x3492,3
2868x3466,3
2873x3456,3
2896x3468,3
2714x3428,3
2725x3377,3
2736x3375,3
2766x3346,3
2770x3357,3
2784x3424,3
2785x3337,3
2802x3440,3
2820x3468,3
2818x3460,3
2836x3478,3
2849x3430,3
2853x3452,3
2887x3355,3
2737x3419,3
2744x3414,3
2775x3412,3
2836x3341,3
2865x3437,3
2894x3492,3
2892x3341,3
2717x3340,3
2829x3389,3
2851x3319,3
2856x3463,3
2864x3354,3
2882x3394,3
2884x3412,3
2715x3192,3
2715x3214,3
2719x3237,3
2719x3220,3
2724x3130,3
2733x3182,3
2733x3288,3
2734x3271,3
2737x3261,3
2739x3193,3
2750x3166,3
2754x3192,3
2772x3268,3
2781x3111,2
2790x3141,3
2792x3182,3
2795x3118,2
2810x3173,3
2812x3243,3
2813x3139,3
2816x3203,3
2823x3292,3
2822x3126,2
2822x3244,3
2831x3223,3
2842x3132,2
2842x3286,3
2848x3111,2
2848x3177,3
2857x3260,3
2861x3270,3
2865x3194,3
2869x3119,2
2879x3215,3
2885x3134,3
2887x3153,3
2891x3279,3
2896x3235,3
2733x3152,3
2735x3133,3
2745x3126,3
2787x3269,3
2804x3269,3
2849x3232,3
2871x3205,3
2714x3163,3
2727x3117,3
2728x3184,3
2764x3128,3
2773x3190,3
2782x3224,3
2796x3231,3
2798x3164,3
2804x3194,3
2806x3112,2
2808x3295,3
2879x3301,3
2885x3300,3
2896x3186,3
2724x3198,3
2746x3276,3
2754x3148,3
2754x3276,3
2816x3290,3
2827x3147,3
2831x3263,3
2879x3251,3
2719x3268,3
2729x3210,3
2746x3213,3
2757x3229,3
2760x3279,3
2782x3247,3
2786x3154,3
2795x3296,3
2818x3192,3
2819x3164,3
2829x3177,3
2845x3267,3
2855x3288,3
2861x3161,3
2866x3128,3
2875x3244,3
2715x3072,2
2716x2921,2
2725x2933,2
2729x3006,2
2742x2954,2
2731x2980,2
2732x3064,2
2736x3029,2
2740x3047,2
2762x3076,2
2764x2955,2
2766x2926,2
2772x2978,2
2774x3050,2
2781x3002,2
2786x3099,2
2788x3028,2
2797x3081,2
2801x3009,2
2801x3019,2
2804x3100,2
2807x2980,2
2814x2920,2
2813x3077,2
2817x3051,2
2828x2953,2
2827x2930,2
2825x3020,2
2838x3001,2
2849x3080,2
2849x2941,2
2856x3093,2
2852x2979,2
2858x3085,2
2869x2957,2
2872x3068,2
2874x3046,2
2882x3029,2
2880x3055,2
2884x3073,2
2882x2956,2
2887x2976,2
2889x2936,2
2890x2920,2
2897x3070,2
2742x3086,2
2755x2983,2
2757x2913,2
2794x2933,2
2811x3087,2
2822x3042,2
2878x3039,2
2887x2945,2
2890x2951,2
2722x2971,2
2786x2923,2
2800x2915,2
2824x3035,2
2834x3035,2
2845x2918,2
2844x3052,2
2852x3062,2
2735x3075,2
2737x2918,2
2741x2913,2
2773x2954,2
2792x2977,2
2832x3071,2
2712x3054,2
2762x3010,2
2782x3022,2
2865x2933,2
2869x3008,2
2725x2713,2
2724x2785,2
2727x2752,2
2732x2890,2
2731x2813,2
2734x2868,2
2739x2788,2
2743x2740,2
2748x2764,2
2754x2826,2
2761x2890,2
2767x2767,2
2782x2885,2
2781x2742,2
2790x2832,2
2795x2812,2
2799x2844,2
2815x2739,2
2815x2754,2
2823x2861,2
2824x2882,2
2829x2726,2
2833x2755,2
2830x2826,2
2835x2806,2
2837x2747,2
2844x2814,2
2843x2882,2
2850x2715,2
2863x2745,2
2864x2868,2
2871x2843,2
2872x2731,2
2883x2802,1
2887x2861,2
2889x2879,2
2890x2824,2
2895x2795,1
2896x2728,1
2725x2759,2
2731x2773,2
2730x2827,2
2737x2714,2
2756x2806,2
2759x2738,2
2769x2823,2
2792x2891,2
2798x2754,2
2843x2781,2
2859x2842,2
2865x2821,2
2874x2861,2
2747x2853,2
2750x2867,2
2807x2726,2
2854x2735,2
2732x2742,2
2747x2719,2
2776x2871,2
2812x2802,2
2715x2597,2
2716x2614,2
2722x2650,2
2736x2680,2
2737x2561,1
2742x2667,2
2756x2518,1
2762x2578,1
2769x2520,1
2769x2591,2
2782x2549,1
2789x2587,1
2793x2680,2
2798x2658,2
2796x2690,2
2797x2570,1
2805x2601,2
2816x2662,2
2819x2692,2
2829x2583,1
2834x2648,2
2841x2570,1
2849x2535,1
2856x2636,1
2872x2588,1
2875x2679,1
2881x2525,1
2881x2555,1
2883x2533,1
2888x2649,1
2886x2630,1
2890x2616,1
2729x2673,2
2742x2625,2
2763x2645,2
2817x2562,1
2837x2606,2
2869x2647,1
2889x2591,1
2754x2542,1
2762x2613,2
2768x2624,2
2767x2573,1
2804x2626,2
2811x2660,2
2843x2545,1
2889x2580,1
2845x2655,1
2887x2641,1
2785x2556,1
2862x2606,2
2710x2429,1
2724x2378,1
2727x2483,1
2744x2337,1
2745x2405,1
2744x2497,1
2747x2418,1
2760x2483,1
2767x2393,1
2767x2457,1
2783x2415,1
2793x2343,1
2797x2460,1
2802x2324,1
2803x2492,1
2807x2408,1
2811x2358,1
2824x2460,1
2826x2448,1
2834x2420,1
2842x2379,1
2846x2484,1
2851x2360,1
2863x2421,1
2866x2449,1
2876x2399,1
2723x2345,1
2740x2350,1
2781x2492,1
2858x2471,1
2892x2374,1
2730x2413,1
2808x2382,1
2878x2421,1
2738x2427,1
2749x2449,1
2776x2463,1
2800x2387,1
2885x2467,1
2735x2445,1
2739x2450,1
2744x2389,1
2745x2318,1
2780x2476,1
2859x2334,1
2884x2397,1
2722x2255,1
2736x2127,1
2747x2299,1
2754x2272,1
2770x2240,1
2773x2151,1
2784x2273,1
2782x2194,1
2801x2273,1
2803x2258,1
2806x2294,1
2811x2210,1
2819x2254,1
2826x2266,1
2830x2117,1
2829x2199,1
2833x2136,1
2838x2238,1
2840x2224,1
2844x2271,1
2859x2220,1
2873x2231,1
2883x2122,1
2889x2186,1
2891x2243,1
2891x2178,1
2893x2126,1
2895x2270,1
2713x2182,1
2718x2264,1
2767x2226,1
2805x2208,1
2865x2203,1
2870x2129,1
2883x2249,1
2884x2144,1
2724x2132,1
2727x2212,1
2737x2248,1
2775x2287,1
2818x2201,1
2823x2291,1
2857x2280,1
2828x2165,1
2914x2236,1
2912x2242,1
2917x2154,1
2923x2249,1
2922x2289,1
2942x2243,1
2954x2214,1
2964x2252,1
2979x2244,1
2981x2170,1
2999x2247,1
3005x2178,1
3008x2233,1
3011x2266,1
3012x2297,1
3014x2220,1
3021x2165,1
3029x2281,1
3031x2124,1
3030x2194,1
3044x2210,1
3045x2124,1
3050x2182,1
3050x2254,1
3052x2188,1
3056x2228,1
3067x2189,1
3078x2194,1
3083x2291,1
3096x2213,1
2930x2156,1
2933x2166,1
2936x2177,1
2941x2223,1
2954x2153,1
2959x2121,1
2961x2133,1
2967x2189,1
2970x2217,1
2974x2187,1
3024x2300,1
3031x2179,1
3062x2285,1
3071x2260,1
2935x2254,1
2975x2253,1
2975x2262,1
3040x2237,1
3086x2143,1
2914x2137,1
2989x2153,1
3004x2263,1
3003x2257,1
2931x2232,1
2989x2258,1
3067x2157,1
2915x2435,1
2918x2415,1
2919x2478,1
2925x2338,1
2941x2413,1
2947x2497,1
2962x2499,1
2969x2478,1
2981x2350,1
2983x2425,1
2994x2385,1
3002x2423,1
3006x2476,1
3005x2442,1
3017x2435,1
3021x2335,1
3028x2428,1
3031x2362,1
3043x2475,1
3048x2344,1
3044x2403,1
3055x2460,1
3057x2319,1
3066x2490,1
3070x2460,1
3077x2404,1
3081x2362,1
3085x2419,1
3082x2328,1
3086x2481,1
3092x2442,1
2952x2417,1
2951x2378,1
2953x2353,1
2966x2436,1
2994x2313,1
3015x2406,1
3030x2320,1
3032x2440,1
3037x2325,1
2916x2460,1
2917x2323,1
2923x2394,1
2924x2367,1
2937x2402,1
2974x2404,1
3013x2311,1
3014x2396,1
3015x2366,1
3062x2337,1
3065x2323,1
2998x2408,1
3095x2379,1
2914x2473,1
2947x2441,1
2963x2453,1
3036x2391,1
3033x2352,1
3070x2341,1
3089x2363,1
2925x2671,1
2924x2606,1
2931x2693,1
2934x2591,1
2941x2600,1
2945x2642,1
2961x2682,1
2962x2591,1
2965x2576,1
2966x2536,1
2969x2556,1
2973x2689,1
2977x2645,1
2981x2599,1
2983x2659,1
2985x2624,1
2987x2634,1
3000x2570,1
3013x2690,1
3011x2520,1
3013x2615,1
3016x2658,1
3017x2628,1
3024x2625,1
3041x2648,1
3043x2610,1
3049x2549,1
3053x2575,1
3073x2604,1
3084x2558,1
3094x2561,1
2912x2534,1
2925x2549,1
2938x2698,1
2937x2570,1
2958x2631,1
3075x2553,1
2958x2569,1
2977x2558,1
2991x2515,1
2992x2673,1
3022x2555,1
3037x2636,1
3094x2618,1
2944x2553,1
2969x2514,1
3053x2637,1
2925x2539,1
2944x2595,1
2969x2529,1
3024x2649,1
3074x2662,1
2909x2817,1
2925x2843,1
2929x2850,1
2933x2864,1
2955x2731,1
2959x2895,2
2971x2838,1
2969x2724,1
2970x2742,1
2982x2859,1
2987x2826,1
3003x2839,1
3001x2828,1
3021x2878,1
3045x2827,1
3050x2803,1
3048x2789,1
3071x2877,1
3075x2829,1
3079x2805,1
3094x2803,1
2920x2830,1
2947x2899,2
2966x2800,1
2974x2845,1
2991x2847,1
2993x2804,1
3053x2853,1
2937x2790,1
3016x2855,1
3038x2858,1
3041x2852,1
3077x2890,1
3087x2789,1
2924x2893,2
2945x2856,1
2979x2863,1
3005x2838,1
3063x2816,1
2989x2741,1
2996x2743,1
2914x3020,2
2914x2957,2
2914x3059,2
2916x2918,2
2922x3078,2
2934x3097,2
2937x3063,2
2950x3008,2
2953x3096,2
2951x3049,2
2952x3078,2
2962x3046,2
2969x2973,1
2966x2957,1
2966x3054,2
2982x2933,1
2985x2992,1
2986x2964,1
2995x2986,1
2992x3031,1
3000x3094,1
3002x2960,1
3011x2920,1
3011x3053,1
3019x2970,1
3011x3010,1
3022x3015,1
3018x3090,1
3021x3072,1
3034x3058,1
3034x2986,1
3031x2929,1
3035x3093,1
3038x3044,1
3044x2946,1
3049x2963,1
3054x3066,1
3057x2916,1
3056x2991,1
3060x2930,1
3062x3089,1
3067x2956,1
3068x2992,1
3071x3001,1
3073x3039,1
3077x2952,1
3078x3099,1
3079x3060,1
3087x3001,1
3090x3029,1
3092x2944,1
3096x3069,1
2929x3042,2
2946x3024,2
2987x2981,1
2993x3047,1
2997x2932,1
3030x3002,1
3033x2941,1
3032x2968,1
3061x3055,1
3080x2959,1
3085x2985,1
2961x3087,2
2967x2943,1
3011x2958,1
3052x3055,1
3086x3053,1
2941x3000,2
2999x3033,1
3023x3026,1
3059x2966,1
3071x2933,1
3098x3007,1
2922x2941,2
3049x2971,1
3066x3024,1
3087x2975,1
2911x3176,3
2915x3197,3
2921x3170,3
2923x3208,3
2934x3146,2
2933x3186,3
2935x3216,3
2941x3116,2
2949x3284,3
2950x3253,3
2952x3186,3
2951x3219,3
2959x3138,2
2960x3254,3
2965x3156,2
2975x3232,3
2981x3141,2
2981x3282,3
2992x3269,3
2993x3241,3
3000x3146,1
3005x3250,3
3017x3115,1
3020x3140,1
3031x3228,1
3031x3205,1
3040x3141,1
3038x3152,1
3049x3157,1
3051x3224,1
3062x3130,1
3067x3142,1
3067x3230,1
3068x3186,1
3073x3200,1
3094x3211,1
2933x3263,3
2994x3170,1
3004x3172,1
3074x3222,1
3090x3228,1
3091x3145,1
2912x3251,3
2939x3245,3
2992x3190,1
3006x3294,3
3030x3278,3
3037x3292,3
3081x3250,1
3079x3136,1
2922x3228,3
3028x3131,1
2929x3249,3
3059x3191,1
2909x3452,3
2914x3377,3
2919x3433,3
2917x3493,3
2940x3442,3
2942x3343,3
2941x3372,3
2970x3465,3
2975x3384,3
2986x3318,3
2986x3378,3
2995x3481,3
2997x3458,3
2997x3492,3
3007x3381,3
3017x3436,3
3022x3358,3
3032x3486,3
3037x3448,3
3038x3456,3
3036x3331,3
3044x3483,3
3042x3312,3
3061x3393,3
3064x3322,3
3076x3495,3
3095x3428,3
2928x3445,3
2942x3398,3
2949x3436,3
2952x3332,3
2965x3347,3
2967x3329,3
3009x3344,3
3047x3345,3
3073x3367,3
3096x3327,3
2985x3365,3
3023x3466,3
3024x3490,3
3047x3325,3
3059x3410,3
3074x3399,3
2919x3359,3
2943x3412,3
3032x3430,3
3033x3381,3
2934x3337,3
2945x3467,3
2967x3398,3
2968x3412,3
3007x3369,3
3080x3435,3
3083x3334,3
3084x3465,3
2995x3471,3
2996x3466,3
2913x3607,3
2917x3563,3
2931x3523,3
2937x3568,3
2938x3601,3
2940x3590,3
2949x3647,3
2960x3689,3
2968x3522,3
2975x3661,3
2979x3542,3
2983x3564,3
2997x3672,3
2999x3519,3
3001x3689,3
3003x3579,3
3004x3542,3
3007x3615,3
3024x3691,3
3029x3615,3
3031x3646,3
3037x3512,3
3037x3691,3
3043x3549,3
3054x3573,3
3073x3620,3
3074x3649,3
3083x3557,3
3085x3679,3
3093x3616,3
3096x3656,3
2917x3552,3
2930x3679,3
2931x3690,3
2946x3666,3
3048x3555,3
3056x3670,3
3070x3524,3
2928x3652,3
2936x3556,3
2942x3630,3
2950x3587,3
2959x3638,3
2982x3624,3
3006x3633,3
3024x3522,3
3078x3581,3
3077x3603,3
3077x3533,3
3006x3574,3
3068x3674,3
2921x3614,3
2927x3599,3
3078x3556,3
3081x3552,3
2912x3771,3
2913x3781,3
2916x3741,3
2918x3887,3
2925x3818,3
2927x3741,3
2927x3828,3
2927x3732,3
2942x3755,3
2943x3788,3
2947x3736,3
2952x3795,3
2953x3784,3
2965x3742,3
2965x3798,3
2969x3829,3
2968x3859,3
2974x3719,3
2991x3769,3
2992x3854,3
3009x3755,3
3025x3730,3
3032x3878,3
3040x3894,3
3043x3717,3
3071x3872,3
3083x3813,3
3084x3885,3
3087x3897,3
3089x3849,3
3094x3877,3
2911x3791,3
2938x3850,3
2990x3730,3
3054x3855,3
3053x3896,3
3065x3891,3
3077x3770,3
3095x3886,3
2914x3877,3
2938x3889,3
2947x3874,3
2978x3877,3
3060x3800,3
3068x3726,3
3072x3831,3
3066x3824,3
3068x3850,3
2924x3793,3
2954x3714,3
2985x3885,3
2995x3752,3
2909x3739,3
1308x2272,1
1472x2304,1
1389x2509,1
1443x2494,1
1499x2400,1
1481x2496,1
1491x2504,1
1506x2344,1
1499x2649,2
1503x2601,1
1423x2907,1
1501x2872,2
1377x2903,1
1447x2714,1
1328x2907,1
1365x3108,1
1396x2909,1
1505x2977,2
1507x2956,2
1506x3051,2
1507x2934,2
1407x3300,3
1446x3302,3
1465x3311,3
1504x3136,2
1508x3155,2
1323x3115,1
1500x3179,3
1506x3281,3
1312x3249,1
1310x3394,3
1497x3495,3
1502x3428,3
1505x3421,3
1323x3495,3
1319x3709,3
1405x3713,3
1461x3697,3
1500x3539,3
1501x3643,3
1312x3529,3
1502x3698,3
1505x3585,3
1503x3556,3
1366x3708,3
1389x3709,3
1499x3836,3
1508x3845,3
1520x3715,3
1563x3509,3
1632x3501,3
1651x3699,4
1703x3629,4
1679x3515,3
1698x3605,4
1582x3498,3
1711x3644,4
1704x3597,4
1625x3306,3
1518x3110,2
1551x3295,3
1588x3113,2
1641x3109,3
1699x3267,3
1704x3229,3
1585x3100,2
1705x3170,3
1703x3075,3
1705x3057,3
1704x2988,2
1573x2715,2
1663x2703,2
1627x2708,2
1644x2711,2
1696x2733,2
1512x2507,1
1706x2656,2
1704x2617,2
1703x2584,2
1698x2506,2
1574x2312,1
1635x2307,1
1696x2315,1
1699x2423,1
1704x2413,1
1703x2354,1
1523x2299,1
1788x2299,1
1903x2291,1
1770x2503,1
1877x2506,2
1770x2705,2
1905x2564,2
1900x2511,2
1897x2729,2
1731x2903,2
1903x2763,2
1799x3101,3
1828x3095,3
1834x3103,3
1725x3108,3
1713x2978,2
1713x3145,3
1786x3306,3
1869x3312,3
1892x3304,3
1717x3109,3
1709x3486,3
1755x3312,3
1837x3503,5
1887x3495,5
1744x3503,3
1779x3708,4
1724x3705,4
1907x3681,5
1716x3732,4
1897x3724,4
1904x3750,4
2040x3706,6
2079x3895,6
1969x3506,5
1972x3515,5
1991x3508,5
2103x3696,7
2105x3570,7
1976x3503,5
2075x3496,5
2107x3468,5
1962x3319,5
2047x3304,5
1929x3102,5
1970x3103,5
2016x3109,5
2062x3107,5
2106x3216,5
1914x2903,2
2023x2908,2
2077x2904,2
1946x2909,2
1947x2897,2
2053x2901,2
2073x2709,2
2087x2704,0
2104x2723,0
2059x2705,2
1994x2899,2
1909x2650,2
1935x2508,2
1954x2508,2
2064x2701,2
2099x2685,0
2105x2543,0
2034x2502,0
2053x2302,0
2105x2420,0
2107x2462,0
2043x2302,0
1938x2312,0
1978x2309,0
2000x2299,0
2026x2301,0
2303x2272,0
2300x2255,0
2262x2301,0
2108x2399,7
2121x2505,0
2136x2505,7
2177x2496,7
2232x2502,0
2291x2505,2
2304x2489,2
2304x2499,2
2113x2408,7
2309x2380,1
2303x2435,1
2108x2590,0
2129x2710,0
2254x2710,0
2290x2708,2
2303x2618,2
2305x2523,2
2305x2673,2
2131x2899,0
2229x2899,0
2257x2904,0
2297x2808,0
2296x2777,0
2305x2841,0
2313x2865,2
2274x2712,0
2304x2792,0
2175x2710,7
2311x2820,0
2113x3029,5
2210x3098,7
2306x3099,5
2303x2962,2
2304x2934,2
2113x3164,5
2151x3306,5
2206x3303,7
2249x3304,5
2301x3293,5
2305x3177,5
2310x3164,5
2161x3299,5
2299x3232,5
2310x3143,5
2182x3503,7
2211x3313,7
2273x3504,7
2301x3458,5
2312x3466,5
2110x3627,7
2302x3634,7
2303x3677,7
2305x3648,7
2306x3513,5
2308x3611,7
2109x3634,7
2207x3903,6
2294x3829,6
2305x3770,6
2309x3872,6
2311x3884,6
2275x3713,7
2406x3703,4
2503x3819,6
2386x3709,4
2470x3900,6
2327x3307,5
2497x3396,5
2383x3314,5
2428x3499,5
2498x3418,5
2397x3299,5
2504x3272,5
2506x3115,2
2312x3188,5
2505x3289,5
2504x3202,5
2503x3232,5
2414x2905,2
2505x3044,2
2312x2991,2
2346x2911,2
2507x2966,2
2325x3102,5
2310x2733,2
2388x2706,2
2399x2706,2
2443x2705,2
2466x2704,2
2498x2730,2
2500x2815,2
2313x2504,2
2355x2515,2
2383x2510,2
2501x2631,2
2505x2686,2
2497x2650,2
2308x2407,1
2311x2464,0
2342x2498,2
2367x2499,2
2379x2308,0
2497x2489,1
2505x2322,1
2505x2482,1
2504x2341,1
2400x2298,0
2505x2240,1
2508x2214,1
2520x2304,1
2707x2142,1
2567x2300,1
2667x2301,1
2508x2363,1
2678x2311,1
2702x2390,1
2705x2442,1
2564x2508,1
2692x2509,1
2704x2424,1
2510x2387,1
2705x2457,1
2512x2595,2
2573x2711,2
2653x2704,2
2631x2700,2
2554x2907,2
2664x2904,2
2654x2908,2
2565x2906,2
2606x2910,2
2703x3068,2
2705x3026,2
2704x3094,2
2707x2995,2
2532x3107,2
2629x3098,2
2522x2910,2
2567x3310,5
2614x3306,3
2591x3309,5
2705x3127,3
2517x3317,5
2702x3372,3
2704x3628,4
2699x3603,4
2700x3756,4
2712x3789,4
2773x3900,4
2838x3703,4
2854x3701,3
2717x3507,3
2808x3699,4
2840x3510,3
2887x3514,3
2900x3688,3
2901x3580,3
2909x3514,3
2901x3566,3
2898x3366,3
2714x3446,3
2849x3501,3
2709x3334,3
2854x3503,3
2779x3299,3
2795x3109,2
2835x3108,2
2710x2945,2
2795x2908,2
2850x2905,2
2877x2903,2
2898x2845,2
2831x2710,2
2903x2778,1
2770x2898,2
2747x2698,2
2814x2504,1
2883x2502,1
2716x2447,1
2781x2306,1
2829x2306,1
2899x2453,1
2854x2307,1
2901x2347,1
2930x2307,1
2944x2308,1
3016x2507,1
3036x2713,1
2909x2811,1
3081x2902,1
3044x3106,1
2914x3005,2
2994x2913,1
3073x3107,1
2997x3306,3
3024x3302,3
2913x3506,3
3020x3503,3
3071x3508,3
3095x3506,3
2964x3506,3
2910x3682,3
2914x3620,3
3061x3701,3
3097x3535,3
3098x3737,3
